-- phpMyAdmin SQL Dump
-- version 3.2.0.1
-- http://www.phpmyadmin.net
--
-- Servidor: localhost
-- Tiempo de generación: 23-11-2010 a las 15:43:33
-- Versión del servidor: 5.1.36
-- Versión de PHP: 5.3.0

SET SQL_MODE="NO_AUTO_VALUE_ON_ZERO";


/*!40101 SET @OLD_CHARACTER_SET_CLIENT=@@CHARACTER_SET_CLIENT */;
/*!40101 SET @OLD_CHARACTER_SET_RESULTS=@@CHARACTER_SET_RESULTS */;
/*!40101 SET @OLD_COLLATION_CONNECTION=@@COLLATION_CONNECTION */;
/*!40101 SET NAMES utf8 */;

--
-- Base de datos: `spaceinvaders`
--

-- --------------------------------------------------------

--
-- Estructura de tabla para la tabla `tbl_imagen`
--

CREATE TABLE IF NOT EXISTS `tbl_imagen` (
  `Num_Id_Imagen` int(11) NOT NULL AUTO_INCREMENT,
  `Img_Imagen_Imagen` blob NOT NULL,
  PRIMARY KEY (`Num_Id_Imagen`)
) ENGINE=InnoDB  DEFAULT CHARSET=latin1 AUTO_INCREMENT=17 ;

--
-- Volcar la base de datos para la tabla `tbl_imagen`
--

INSERT INTO `tbl_imagen` (`Num_Id_Imagen`, `Img_Imagen_Imagen`) VALUES
(1, 0x89504e470d0a1a0a0000000d494844520000001c00000034080600000099f258cf000000206348524d00007a25000080830000f9ff000080e9000075300000ea6000003a980000176f925fc546000000097048597300000b1100000b11017f645f9100000b4f494441545847ad987b38d4f91ec7a74e4b218b88a4146d69ba6859922e124a376d894eba28e55a48ad953a67a7b45ba136d4d145bab95f22cc60c4c4b8963b6386a2dccb9d5029e67dbe434fed3ebb9d67e4fc9e679ef9633e9fcf6bde9fefe7f29da150beee1947dcc67f9deb57782d5ab44849525272ce57b87e9d8baeaeee2f222222fffa3aefd17b4dd0d7d7cf1515152d22aedf8cde7d941e6a6a6a538c8c8c5a89c22e493939d551ba8fde5c5b5bdb6ceddab5fda2a213dfc84e9b7660f41146e941d431c86b70e2c4491f649566de1fa5fbe8cc8d8d8d252d2d2d9f1a1a1a426c9238a62acdaad2d535993cba28a3b05eb162c57207078766523410131313005b96aed9b47e14214667ba69d3264f5b5bdb3e3d3d3d888b13853367f7ebaedfe63bba28425adbd8d87c6361619149de8788d261a0fccc5943cbd66f65093e13328cf066060606735d5c5cb84421747474202e21214829743698566db576d5103e929096414141b6fefefeaf0e1d3a043269202d2d0d957954ec7138da793b827e52c830c2990118d7d3d313d5dfdfffbeadad1d3c1e0f99995948623e44521a7b90fe283b5e60235c3421ac4830e98e8e8e0c024573f34b703815282c2c441c3d11094c16123372d91c4ebd8c10a1843379f3e6cdaaeeee6e4e57571701361320074545459f800c56560d3d3dc74cb86842589154ba10e82b0245535313cacaca8842024c48443c330d0969ecbe4476be4f6424fe2144b8ff6d42d239beb7b7f73601be17a4b4b1b109a5a51f8124a5f1c969a0b3b28612b3f3ef3f2c28f876cc40a248b6abab9bd1dfff0623c046949494fe49213d2d0bf48c9cdcf8f46cad3103030202b489aa3c015070860d0d0d282e2e464141c1f0190ea734351321f1cce653976f3a8e19686a6abac5cbcb8b4ba7d3515e5e8eaaaaaa61585a5a1a8243c3e1e37f1d277ef582d5b193ef4cad8f5c1833d0c9c9c962c3860dd5262626d8bb772ff6efdf07737373909d8865bacba1a9435eab0c6168b677c8fa670fff31039f3e7d6a151e1e5e6b6565052d2d2da8a8a8405656161264b44949c960c1124dec3ce000ef1b41fc90c4f4ab6306be7dfb763f698717353535c8cfcf476a6a2ac2c2c270e9d225fceee3876bb78210f22019718ff290945372fdff01dc373030f0e2ddbb77e8eded434b4b0bb85c2e929929a4689248d1b0481f922a65e72331b7f4dad880a4919b3bdedaf4f6bfad1f1810007b878195959560a63cfc5ca504c820c0c0873c860c8daf33e5325f9192c817a5d0f085cb32f9604e105f72ce8d7e2545df1e5d59f75617c9033589934cb25a767b3cfe9052d8ce8fca7e85ba979d686d6dfd0bf06a6c011c6ed5c33dac0e9a67faf8d4535dfdaa1e1d75337cdad394025b2e4e0b7eb545e14a85f2a72fa07ea77f3af5debbe4791e1db5b30e3f7ba7b03b7f68f2662644f5a3b1f97816365e6c86d9afd948c9284003697cc1b6600ea774a40faf456561bd4739567876f1bf3fd5cb5fe4de86b9ce75503ec8c5548bc77cc96d198362e6696553acb2c8fd87ac156d8f01750d5a2fe61e6d82a21517df9ae5426c6332c4372642c5b112d3adcbb1fe2726a2e98f5056ce414505f7634a056798862b6119d03b928995b42a7c7fa60754f70ea83ad563fa411e64fe990f71131644d6326a29869182d1877154da3beafc13af07151d1a20bd8783c9db7321699a81ef8ef0b0f0a7a790db998bb54792109df0084564ca0846dbc8198e14cde5d00c2cb5cf808e731e5678d440fd743b949d1a2067c9c3b73bf221b5357d70a231238e62c4141f2eaa19aefd8a338fbd66cc38d4f85a8600a52d0a30d7b51a5ab45a28ed2fc4e41f3360e4ccc07da2b0b8a4848cb692cf559a4280616c026443dd361bda470ab0f2d75acc3df11253acaa20b7abb07fe6deec2485ed6caa209b23554c8a66c9bf7abe53776df29e7a805ba97aac86bff26c23a88e5c489be74262731ad61c8a1f56584cd4091426936d3f72862cf885b2f1835d2616dbe662a1dd13681d23e779be112aae75bd2ab69cc0f9078b17989945fe757529bbbd98b5e84c63d0ea0baf86b4ddaba1b0a708123fb221b6818935f6b11f15967d047e2e1abfd04c68d86561a14d1ea8360550b32bc1d2135558f5fbabcec597daad28b426b1bff4e71c5fbee8aa9b3d265b02bb782b4e3760960d0752e67910dfccc2a4750ce8db4613603ad985e5c3fb70a4f14714fa866462896d0ea8d68fa1665388b97665f8cebe021a276b87d6deecccfb21f0b59ea64dc11fae9234da7883e0de455b825fe71878b580ea5c0df93dc590d89a49aa3505a2060f08300a318c74b2ed3928251bff13909ca14fa8405d0ee61d7c82b9d64598635b0e553b1e663b5443e354137ff5dd1ed6f2c8ce999fce50ef769f8251487fc23a9f8e410db77aa28e4bd43d86f8964798649c48fa310afad611886564a09cdc670440660a51c8200a09d0fb5e26142d3249cfe541d1b208330e9443d9b612caf635503edc80c567da3e2cb9db11448d840445f9f68b894b6eb7ffb235b06f4097d682f9ce3550d85b82c9a6d944dd43881ac6e19b55e1d0b30ac5832436381515c37bf18fb3d48b0065cdb32069f618d23b8b20b3bb1c72fbaa206ffd1cd3ec1ba1e4dc0aedcb3dfdf3035b9d280bfd9ad476c5bced5c7dae1b4bdc9aa06c5305a91d0590d89241ce2e09226bee43624d280e9c4a028bcc4b2e97370c144c9a7806e943a2f03a9934ab7fcac58cbd8f87e4f6940d4aefa980ccbe67903d580b39bb26c81f6e83926b0fa6fe5cdb415175e2696ebcf6164b7f69839a732de42dcb20619a03e96d2c4cdf9ed2bcfd64666104a3b0a3aef1e5f06dadbaba06c9c94c30180cdc08bc8588583a0282c211104987a5db75b6b20dd773bee3b33295c3cfdf29d8d543cefe25e41d3b31cda50fd2ce8def29d30e956aacfebd0fea6e2f31dbeed987d9d6e55d5acea5acc5fbd2b7296dcf99d4dede65fab4baa6b293dc67046be9c5f3e788080f475c5c3cce7b79233c261e37ee0423e80173d0d32fe08ae0062eb3eba9a482c333e3056eafeecc736dab9beed2f956f1581f5fdab99e4f997eb8487df9859e018d13cd75cb8ed7c42c3dca35d22120d237c353c1cc812611cc6e8bc8e3750e3e297b8e624e3562e298088d8c83b7df75dc894c845f7002df3392cdb5bd9166fea77ea34144ea70a7baf2cfbda7671f7f5f4214765066eecf5459eed513a5fdefba9594bf99063a175d26cdb07b7244fb08a769cdb142989e6463877b02d6d904c0d8ee068c9cee61ddc9a8d72667e3fda80e5724beb480a7d934c94a383cb316ccb5f14a3a2e02457ffbac387e4e7a4760ccfa445e7dda83b2d61edfc4aa21b7aba9b03f170247dfd8c1d3a10fbb2ed1b372bd635896db5d2e7e318ed037013dda05596ddfb0b55af7b3ceee2c6acab37bd6dd6f5f528f5d6c0e36663deb356416b3758259b465676ee99ab87a8efdf7beb1bbafdcd24b61ebe785a67b4c497d9a3ca1f44dfbb84a3e7f5c159f3fa1a4af438ec94b981fc43aa1eb19b4d2d0edfcd8affa02a02e51a816c2fa656a4a65bc48617723a5726888c21be28b14f5bc944fe2c652efa5bae97ade5aa9e74c93123a755f3234387e76cab20b4106d43b296ed319e51162b92d95e3781f3e8ce30d0d4dcaef783e9dce095b7897797495d7dd65c68e34c93103b7385f925af5dbad958b03929c66c5e6074ab1eb1e93b4768fe77e782f99fdb274566c51e0929b7407fd73019a46c7bc4736fa589edddedee282609a57630fa846645f9afab02a59ec497bb548e1eb1619564dc6ec881c1f8d6b7196fa1e5716cc71f4151d0b6bd8974aa389e8fd765d4deb4a84399554e30c7a59880cbb3e5b32bbb95821a922665e70dae91f2e879b1ad0fc55c8ff3713c60ca4905db9f2e48519cb2edc5db7f806dd51352ac7473191132d9f5c19a71a9dff9f45d7139c5778dd35dcecee23fff9ce3246ecda03349935e703b4b5fca32d16dc493d31272afbb26a74f655ea9d549ad6e5680bfd73fe9aba56ae42f5e07f0160d72517d25afcd20000000049454e44ae426082),
(2, 0x89504e470d0a1a0a0000000d494844520000001c00000034080600000099f258cf000000206348524d00007a25000080830000f9ff000080e9000075300000ea6000003a980000176f925fc546000000097048597300000b1200000b1201d2dd7efc00000e7d494441545847959709545457b6860f0e6d924ef2924e3a9dee9769f5b08cda2a83825110678989b34670649200822228a0cca520c8280a222a2850c80c22f3544ec828a08c22f35455b70ac471b912e57ffb54755c2fe9f75abc6bdd5555b74eedefecbdfffddfba1aecb74766eb57ecc9a37b6c87de947ffbce60ed7c8d092f5cd9cf2f56e3d953a6f1fc5927de7a27847dfa65022b103ffad5fa5b7d6f4fe8119e8e99e84c661a1a2fff2dd6ab0b29771cd8a5db6026561fbfba66ebf52e33322967abcdc6d87a4bb03566602bb680cd5b01366d0e98def207ccda63e5af8266361bb0a47ab0f3d7a7ffff30fe4d78e112e67d1e1f8bceeaa8165a594d666b4c65ccd81ecccc15ccd24dfd6ab20fecfb5d6ae80c5db0c5ebc0f6f859bf0aee7e7603730e073b53fbce7f06d2b71f6c35fff22d1bd1f3e9299277d9060b2aaf1398ed1130c760b08327c09c42c0ec8e82993a13742798960198b621dfc0183b9a38874597ce60df9a3c64e9ed9fbd16f6cb82b757efac9be8132fb02d7b68e714dcf52498d77930d10530ef18b0c311607b8f816ddb4fd9ad079b3e176cc906be56ce82339e30dda591e386f185ef99d8ac666bccc1ac3c0946c18fc68305a682828105a581f92680b99d06b3a1cc795f7996731653094b798fc798a5f3f8b353edcc337637dbe640650c023b72112c2413ec543ed8e922b08802b0d0cb6a282ff18e03600b57831d08537fa7bbe2010334de284366e1decfacbcc0dccf5056e96ad0b9ab6031374879d7c0a28a099a45e5a532db88282b53b0cc562a316d72e7215a5b3d75fc402f4c509569df7175294fe6aa21172bc0e2abc0e22ab9dcd5d91c4b548b69b32d34f81aed85ea369cbb1a337e6052fd3a95585c4828bc6fbc2f1c92580b965407d59cf2cf6725ea521f8ea4aca8ac7c4ce6af5297382cfbc1f8817ee254b68b24ef114d3fa45ef16cc43560290d60a977e9f58e1a1e7b539d3d572f9fcf45348b9a0bc08ced787f7f1a7f1fedfdee324b0f309f5875c00bb72833728dd446b0f426b0347ae59fe3a8c491856a51d9f8a8dd67e63cb08d3fd226ce8db19cde0fc797a5f92125b3a60047a87f3c603c054ea6acd239b0590de559f27e469580f989c9087cc1566d07fb27b9ce7a0b95d83e4ca9fde2f5c09494896cf5aee7cc96869d07e26a4ca0c01cc061192dea93973681ca1c5d06e67f894cc01ff43bb5cd71c5ba45c14b52b3e8f5c0c8a21d4c77b9ba445c81af8004f82d90f7950b2720490de436c7cd7ca395da81f45696bf1e185bf1155bf0dd73b6817ec41d263c475d3a9e11cf8ccf5a3abdf23e5e22c5c6d25c4690211c27351f8d539b019fdf856b29530bffd703f90ab3c31295c4979308d6d13cf2f27a917f06d3a09fa612f3acb8099ca1729ecaa3925286ce3442a6741759690266b886bbce1813df18a7682cdcce6b587095925107a4a80dfb005918bf63f03b071f195317b0ed8eea730b8d01f75dbd659830f31bb5b7fa26bc60124c1a5f86969e07dd03423185cf17cf209106fd977266dd03539d6daaebebb22af1075f1a9f9d07c17416c168a511d8266b328cb4e7e383d1aa655e416b828342302b8002855f510dfda4cc16348e3ec79f73dad57012d094846a74ddbf8fbdb15485ade4a1b3f56148c00974732ea86e783c6ea06fd099af030202f116b72c7e5788afc6d7f9f7c18f88ae9157c08f936a70afb50d5afe54095e562ae7b4254678dfdc199d9d9dfde306e6e5e54df1f52399f35b0fbfff91a34ccd6b5701c57d0fff056cc4db0995e86a6dc104eeb91ba98c7413fecb4223e8388ad0dddd533c6e205fe8e44dcee1144aa221b9c796e3d32b6d1823e0e6cafe57833f81ae3737d2b8ec0fc1d41db6f8b3d63c7cb5743542234ea3a1a327e48d8056ee47a0e11088c882eb30caadc3948c66fc3c3686cf73d53d9ccce732e6262a6b6916f71ec79ebd0ef8445317469b8d1113138bc1c1c16d6f04b4f5f41bfbd381209497df426c3d41c8b89fbe7889c9241eddb22e54c91f62e2b96b68b85d070d3b7fd8dbd961eadc6fb073e72e242626421004c33702fa0704f54cd9e38bb26b3750d9de8d49e42ccf5fbec4ef0878a67b043d0f1ec3f97a13aaabaaf0c5017f9859eec68205fa3037b7404646067a7b7bfffa66c0c0e0eb2191d1c82e2e434c4d33a6e6b4a84433aba80341ed4a088f9e606860505501517824166c348181c142585bdb804407a954fac91b010383422e9ea4e617169560ea45096aa984fc48e97f880de57d78f2e409fafafa70fdfa0d444444c06893310c0d17c1de7e2f4a4b4b7f96cbe5efbe113038f8a46768d84944a6e5e076731b9e3d7baa02f24357d28de704ece9e9814422c1891327b071e3462c59b2144e4e4e7c13bf7ece180f3934347ccb31ff40645fc9454b4b2b1e3f7ef20ac8c7433632ca871bc5c525080c0cc2ead56bb06cd972b8ba1e42f9cdf2bef1305eada1781a3117e32e7b79899091958dc6c6463c7ca82e293f5e9278468687719f6cada0a0107e7ec76064f42d5692ad79787852d6d79ec7a5a6ce1f37b4a0a824382d3d132eae6e48494d477dc31d8c8c8cbc8271783795b3a9a909b9b9b9f0f11161e9d265f8eebbefe1eded83f48c4c5cbe92fb734646f147af8596d6dcfc5b55750d7272f3e17ac81df1e24ba8a5591ba68cc668f01f3d7a041204a432192a6edd42666616dcdd3d548259bb762d44a223884b10e306a9f7564555c37f048241a3a1ada9a6b5ed9e2a33770f2f9c8fb980caaa6a82087841a5940e4921a3f75ddd3d54ea66242727c3c5c515fafa062ae1f8f9fa21fa5c2cca6f5552055ad09ad5fa97ff13ca61dda1dd1f747477beb87bb7119151d1f0161dc5c99391f4e30a0c49a578faec19fafb0608d68bdb750d686fef402cd998a3a3936ae8b76cd9027f7f7f848547a0a0a858b5a9b6e6fbf4e4f39be70c7e819f1d4ddd2652a90c45c5c5f0a45eb87b7823283894647e130334e40a4141b3378066526d69d95554d7dc46f49968d5ece92f30c0b66ddb101010003f5277426212ee7774a2bbbff791c44b32e91706fbd79b09d88c89fd6d83e5fd1438faec39fcf8a32ddcdcbc71cc370092b26be8ede923bba29380d535b5248c2ce41714e12c5f6b650d83050b61bac314c7fd8f935245080c0a03d7824c1030d032f0d1ff06aa60290c13a523b2a77769047cbc8f60abf10e781cf6c151af63282e90a0a3bd13ed6dede8eeeac53572978b7109484dcd40dc857858ecb2c462fd25d86d6a8500df20381f380c37776fe4e51790892b3058265bcb19049dc0f89ba6e9f89dc4503249f9681885b46b3b1b7b6cdfbc0b3eaebe387ac81f4559a568bbdb8ec6fa26747674233fbf88ec2c8afa17874bf1c9303536c3b706abb0d77c1f027d42b0cfd6098efb9d111b1b075e3159bd2c023a98cc598cc3a4b3a4bf7fbc7eec13857218711713b0d3c414565b6d11e8128ae3f42856282e415379331a2aeee07e4b078d42360203421071e20cd2e33361b6d60c9b0db7c09dfee9857b45c2de6c3fecadf72328e804b8e2654ae1e698d1d8945a82b2be797d6f8fe88cfc97629362ea10493e2c241cc6ebb6613f3d7e9d3a18851376a750185d828682bba8bbda80b63bed48b99486a3defe38e17f0ad91772606564058bc596f0b70cc079af58eca3bf8eb6167b21f2f1432ddda0150f863b7952ed0465fccdc3b90f3f921a2bf53a3bba20f23c0a93efb7c3d3cc07b14ef188b23a87e2e032d42737a02ebf012db5ad105f4c8297ab08219e2770e5741eec16dbc369c9019cb63c8d14ef343899b8c07abb1d0e1fe236771dca9111294f6a5067f01da698aa784f3e57fea9b04930e4837ac8e930767d6f0e7ff3202439a4e1a279024abdafe2f639026610b0bc0509e712e1eee48d10170206e6e3a0be33444b8e20de428c22df12b8197bc1da640f9c29565e5e218461a56ce0eb818f14f315ef314eeed7557ea6dca05c56575b8f837b5db17bad0d4eee8e44b643decba45de92fca5cafa12e9c808977d0246941dc1931dc1dbc10e2188e1c513edce77920786908322c335167d7a0146df5839d89039c1d0fe3f2e51cc8950a997cbafc53ce62a3d347ff30a435f4a5728d72596df56d1cdeef0e871f9c70c6e63c4a1ccb7eaa30aa1a293920417d70036ec736a0b1b819f151627838f820d4fe2472dc0ae0ad2bc2a965a770c53a67ac6b71cfbd40f31038d2e3809b8b17b2b2722095cb0795b395ffddab3ffaa10a289d2dfd4a58252ce4250df30d879ffd71247ba4a3c2a66a54d05476d56cad7b5a1f7c07b567ebd058a8067a3988106a4740977c88e61ec1d9a5e75ff4e90df64b75e475091e97e07b2010c1fe61282a2a852053de1f9c3ef2c5a80a3873f4c3419d912f142b46753abbba919d9c83e4f034e48615e0deaa8ebb326da151aea9e81c583a28ad8caac19dbc4688a32f41e4e48b30ca30cb390795b3ab148296b29bd6b6c8359592f490ac31714412d253b2d42aed57de1c9833fcf903c3071fa87b38937aa8a79cd65fd81f59537a5b599674f5598547559da0a348916a0b2514a89a5eefde882a1fabbb520ff1d924f8b91e4798c329e478e64398ad68a435f5726dc53599b622b5657d9bb828a6b4f3baa4fc656b557bf5a09b7cc5c08c81cf553de42a95e9c9fed4af27fc439829682b6628160dff73f40761d6b0a34c4b382ed5969fa560a99465ce8d98f297e59995109f4b42804710c25de84fd6b1929782e67021adc9a6334ed051060a5ac27ef92ce5c6e119c3f365338767cab5e47fe793a052299fc3019ac3614a794853395daaadd4936bcb574ab504638596e247b98ec29932f5a3ad845f0dbba12ccfae40727c1ace86c7e052580a8add2403522d45b4544b1e4a400fcad296aaf1834c4bb154a1a9983ba8a3f89ae6ef0bce50cd61f797dd6f297595ef13f893116a2c29769a425ba133a4252c14e60c7f2bd5113653204b415be9d0bbbadf3b2735ffa78c94cb10c724417c2679ac75d9bd00be290e9269cbb609bac3dfc975e4fac22c416b60a6622aefdd90e6d01f957f57beaf721a6eaabfd81b8712fc33caf06f4aca56982368c9b486bf19d4912d9769cad60e69c937f4adef33ce0d2cb89c79ec4a7ef9c6ca3d82cef066b98e72d39026e95c5b3010b41f508d94d3647346ffca4761487fe88fbc779cc159ff03addcc026d7dea2b80000000049454e44ae426082),
(3, 0x4749463839612d00200070000021f904010000ff002c000000002d00200087000000006b005a5aef5a5aa5635a19001900004a00e6efdee6cedea5cedee6ce9cefef9cceef5ace6b5a8c6bdeceaddecead5ace295a8c29de63ce19ceef19ce6b198c6b9ccead9ccead19ce29198c299c29ce5a29cede29ce9c2919ce291984cece5ace4a5a8c4adece8cdece8c5ace085a8c08de42ce19cece19ce4a198c4a9cce8c9cce8c19ce08198c089c08ce5a08cede08ce9c0819ce08198419ef083a634a5aef6b19ef296329195aceef5acead295ace295a844229525a29ce5a29845aef4a6308195acece5ace8c085ace085a844208525a08ce5a08844a5ace4a5a84424a19a5adde10840884adde84ad9c846b5a848c5aa58c9cc5ce9ca5ad9c84ce9c08845a19a508ef6bdeefef5aef6b5aa5efdea5ef5aa56b5aad6bdeefaddeefad5aef295aad29de63ef19a5ad5aa5295aef29de63a519efef19ef6b19ad6b9cefad9cefad19ef2919ad299ca5ef9ca56b19a5ad19ef6b9ca5ef19a52919ef299c29ef5a29efde29ef9c2919ef2919a529a55a29a59c29a5dec5efdec5ef9c84efde84ad5a84ef9c08a55ace6bde84ef5a84295ace29de42a519846b1984ad19ce6b9c84ef19842919ce299c08a59c08a5dea58cde848cde848c9c844a5aef4adeefce5aef4a5aa5ce5aa54a5aad4adeef8cdeef8c5aef085aad08de42ef19a58c5aa5085aef08de638419efce19ef4a19ad4a9cef8c9cef8c19ef0819ad089ca5ce9ca54a19a58c19ef4a9ca5ce19a50819ef089c08ef5a08efde08ef9c0819ef0819a529845a29849c2984de84cedece4ade84ce5a84085ace08de428419844a19848c19ce4a9c84ce19840819ce089c08849c0884debdd6f719c50810633110422910635a10425a10083110085a5aa56b108429634a4a3a291919c5295a848c5aa5ad10a5295ac56b5aa58c52844a5aefef5aa5ef5aefad295aef295aa56329525a29ef5a29a55a846b5a84ad5a84ef5aa54a3a08195ac54a5aefce5aa5ce5aef8c085aef085aa56308525a08ef5a08a55a84ce424a4a6b5ace6b5a84426b19194a0819190810292910295a636b52c5ced6100008106b0800001000000008ff00ff091c48b060c127f2e43131c8b0a14387c8224a8cf8b0a2c5811333221bd8cfdec58f1823fa41b62562496401ec192800c000488b26278e94182d404a96015e3e9c78322336033601dccba9b3a1489e111330c966d3404b8206ec15005a1469d204099c40b3d9efdec09a2d0bf09b6ab1c99564fd869094b8250132a54ab3f5bb42c380d77f36ed0558c98feac37bf6d06a9338132b562754b215a081a84001814d6d3a06d0c4e1d97b05ee014e50f82d13a54e12d410ca7260e400625d3a1ceb14e8ca68bcaa60dd87f58936c741fb11edd70f683fb1d11afe168bbba981958e914f35d004286aa906aee8ddfbd06693c9056c6a3f9d7dbb76958e87aaff76e81d406aef7bbd3bdf2bd57cf70057c8ab6739d4664df4d6f702707f6f3d7c83ef198759804da9e45c13db4dd6d2767e0d9419822bdde38f79a431d7d484fef8f31e824d2db8d7711d3a389984054c779c63fe1cb7d27e00f8a39d011a0a45617f017068003ffc08a49986fe21b81c66fe8c159e791316d7946305f028d95d544841e08bd3dda4a26b51a977248ad94928106bda7188df5efc48e85f7ee849358d3ed31834dd7d353228993ff7f4f5a297dbd9a88f34fa1894cc766c7ad95c98ced0e81d8274b6996143f671e8a74d70369a1d9b6c065093976136c4e1545dbe08a784820e8a5e13c139a40c92292e6a173ef83823677e36b6c9e1350fe960c38f86c5b179a314644ce38f5e85c298e27a15458100146369a89e3de34873689da8d19aa401a1067bc001ba02452875ff3c061987d12009003ed250fbd23477fde3e578a63108803c0a1c8040144581740235015073c5090040118534160504003b),
(4, 0x4749463839612d00200070000021f904010000ff002c000000002d00200087000000191008193a19d6638cb5d6efad4a634a1942ce4a636b63196bcedeef5ace6bce5a29cede29ce5aad5a106bce9c6bce1929ce9c29ce19adde946b19ce2919ce6b42194acedece5ace4ace5a08cede08ce5a8c5a104ace9c4ace1908ce9c08ce198cde944a19ce0819cece4a94000808ad63634a425294cede6b194208105a8c6b631963634a19634a635a6b5ace295ace94efe61963424a5ace085ace6b08190863198cadde8c425a4242198c295a6b849cadad9cceefde8c8c5aefefde8c8c9ccece9cad4a9c8cad9cad8c9c6b845aad295aadadde6ba59cad6b9c291029ef08196b08946befdeef5aef6bef5aef6b5aefef5a6ba5de6ba55aad6bdeadef5a29efde29ef5aef29deef295aefadde29a5deadad5aad29de29a55aefad5aef6b94ad5a316bef9c6bef1929ef9c29ef19addeb5ef6b19efef9cad2919adad196ba519ef2919efef19adef19ef299cefad9c29a59cad299c29a519efad196b19ef2919ef6b2994292994426319ce6b5a4aa59c8cad5aceef9c8c6b9c4aa55ace29194a2994ceef5a4aa5de8c6bde8cef5ace29dece295aceadde08a5de8c29de08a55acead5ace6b198c29198cad194aa519ceef198cef19ce299ccead9c08a59c8c299c08a519cead190829948c8cde8c085acecedeefcedead085aad8cde4aefdece5aef4aef5aef4a5aefce5a6b84dead4adeadce5a08efde08ef5aef08deef085aef8cde2984dead8c5aad08de29845aef8c5a8c5a314aef9c4aef1908ef9c08ef198cdeb5ef4a19efce9cad0819ad8c196b8419efce19adce19ef089cef8c9c29849cad089c298419ef8c194a19ef0819ef2908944a849c8c4a9c4a845ace08194a0894cece5a4a84de8c4ade8cce5ace08dece085ace8cde0884de8c08de08845ace8c5ace4a198c08198c8c194a8419cece198cce19ce089cce8c9c08849c8c089c088419ce8c190808946b42526b635a4208194221190810316b5a84193a424a5a846b5aef6b5aa5295aef6b1963295aa5193a634a5aa5085aa5ef4a9c4a5aef085aef295a84085a8429105a6b2919296319b5efe6ce6ba500000008ff00ff091c48b060c11b3b76002160b0a1c3870e0910e821b19f448818330e9c28b1a3454e1a434694489123018b49d0e15052c280c88c243bca9408040798720102e07809b124479f126fe0189022e74e9e0e29029589e2468102e84a9c2b682027d27f4b651e3932a45c39203908165052ee5c00b21a790431b743e94c14479a0231b0e2c789120271e828570067807305300630c7c9475b999c081ce174e3c8ad1d0182f0b0faef4001030348182851e2e84325000004906752222714a81b1749a7244009250285f42d60a2f5d48739a39e18bb6ec78dc4284e73dd71221ddf127c0726e18b8372c3152cd395085080445f03399408d0ae04ddba7de77030ff3fb74e096cc038d0412401a640ced74f07e0a83e80af3f250532cf1f50c01fba13399175db43600c90c400000600c03af9f953000e2991c05f01bbe597840e3908e09a12fc9503d10020e6b7524e3a49584012ed81e14f88491400c666d3b926c0533890d0500003f843c28a06a093533a4fe5072276d80d25211824ace09a6b063c45020e361504800126f4e5da74e9e4165f7da26549dd8a55e260406be960e68f39ecf983030003bd568268afe1779912ac0550ce884bb6245e392cb576a54af9155800670269c7240e2680a122546729d8259924be67675f3871f61a5f830620100f2e7038408106caa7c46ed6a1d31a3a3e0660405506e8606439031cff9020962b10facf749881d85e3907a858df89036c164096b48168ec903665964309eb78c5669bfb18bb2288d3ee932b89af214921b50516b8a23f60a450840f3c3474ecb4ba820b460ed2b9b68ea20e4a28edb14f2ae850ac7a1c9ba3b124b0346c00e8ecabefb155f635ddbdfca193ab09f22238ddc34a803a6f88d69d98118cc81d10ab0943e6b4ce92601cc831c7e94158706010dd1523750c6f5c15103c2ccba193d535872b5f2d62c44710772dc95fbec1fee38339aefd93df532654ea6509e8e890d60f41647982c612eae1d23fcffec35f8b632d19400e439c20520ee6e44110c703ec6350ac051c90523a6007f143b9576964e083029550040fe688030d5140003b),
(5, 0x89504e470d0a1a0a0000000d494844520000001c00000034080600000099f258cf000000097048597300000b1300000b1301009a9c1800000a4f6943435050686f746f73686f70204943432070726f66696c65000078da9d53675453e9163df7def4424b8880944b6f5215082052428b801491262a2109104a8821a1d91551c1114545041bc8a088038e8e808c15512c0c8a0ad807e421a28e83a3888acafbe17ba36bd6bcf7e6cdfeb5d73ee7acf39db3cf07c0080c9648335135800ca9421e11e083c7c4c6e1e42e40810a2470001008b3642173fd230100f87e3c3c2b22c007be000178d30b0800c04d9bc0301c87ff0fea42995c01808401c07491384b08801400407a8e42a600404601809d98265300a0040060cb6362e300502d0060277fe6d300809df8997b01005b94211501a09100201365884400683b00accf568a450058300014664bc43900d82d00304957664800b0b700c0ce100bb200080c00305188852900047b0060c8232378008499001446f2573cf12bae10e72a00007899b23cb9243945815b082d710757572e1e28ce49172b14366102619a402ec27999193281340fe0f3cc0000a0911511e083f3fd78ce0eaecece368eb60e5f2deabf06ff226262e3fee5cfab70400000e1747ed1fe2c2fb31a803b06806dfea225ee04685e0ba075f78b66b20f40b500a0e9da57f370f87e3c3c45a190b9d9d9e5e4e4d84ac4425b61ca577dfe67c25fc057fd6cf97e3cfcf7f5e0bee22481325d814704f8e0c2ccf44ca51ccf92098462dce68f47fcb70bfffc1dd322c44962b9582a14e35112718e449a8cf332a52289429229c525d2ff64e2df2cfb033edf3500b06a3e017b912da85d6303f64b27105874c0e2f70000f2bb6fc1d4280803806883e1cf77ffef3ffd47a02500806649927100005e44242e54cab33fc708000044a0812ab0411bf4c1182cc0061cc105dcc10bfc6036844224c4c24210420a64801c726029ac82422886cdb01d2a602fd4401d34c051688693700e2ec255b80e3d700ffa61089ec128bc81090441c808136121da8801628a58238e08179985f821c14804128b2420c9881451224b91354831528a542055481df23d720239875c46ba913bc8003282fc86bc47319481b2513dd40cb543b9a8371a8446a20bd06474319a8f16a09bd072b41a3d8c36a1e7d0ab680fda8f3e43c730c0e8180733c46c302ec6c342b1382c099363cbb122ac0cabc61ab056ac03bb89f563cfb17704128145c0093604774220611e4148584c584ed848a8201c243411da093709038451c2272293a84bb426ba11f9c4186232318758482c23d6128f132f107b8843c437241289433227b9900249b1a454d212d246d26e5223e92ca99b34481a2393c9da646bb20739942c202bc885e49de4c3e433e41be421f25b0a9d624071a4f853e22852ca6a4a19e510e534e5066598324155a39a52dda8a15411358f5a42ada1b652af5187a81334759a39cd8316494ba5ada295d31a681768f769afe874ba11dd951e4e97d057d2cbe947e897e803f4770c0d861583c7886728199b18071867197718af984ca619d38b19c754303731eb98e7990f996f55582ab62a7c1591ca0a954a9526951b2a2f54a9aaa6aadeaa0b55f355cb548fa95e537dae46553353e3a909d496ab55aa9d50eb531b5367a93ba887aa67a86f543fa47e59fd890659c34cc34f43a451a0b15fe3bcc6200b6319b3782c216b0dab86758135c426b1cdd97c762abb98fd1dbb8b3daaa9a13943334a3357b352f394663f07e39871f89c744e09e728a797f37e8ade14ef29e2291ba6344cb931655c6baa96979658ab48ab51ab47ebbd36aeeda79da6bd45bb59fb810e41c74a275c2747678fce059de753d953dda70aa7164d3d3af5ae2eaa6ba51ba1bb4477bf6ea7ee989ebe5e809e4c6fa7de79bde7fa1c7d2ffd54fd6dfaa7f5470c5806b30c2406db0cce183cc535716f3c1d2fc7dbf151435dc34043a561956197e18491b9d13ca3d5468d460f8c69c65ce324e36dc66dc6a326062621264b4dea4dee9a524db9a629a63b4c3b4cc7cdcccda2cdd699359b3d31d732e79be79bd79bdfb7605a785a2cb6a8b6b86549b2e45aa659eeb6bc6e855a3959a558555a5db346ad9dad25d6bbadbba711a7b94e934eab9ed667c3b0f1b6c9b6a9b719b0e5d806dbaeb66db67d6167621767b7c5aec3ee93bd937dba7d8dfd3d070d87d90eab1d5a1d7e73b472143a563ade9ace9cee3f7dc5f496e92f6758cf10cfd833e3b613cb29c4699d539bd347671767b97383f3888b894b82cb2e973e2e9b1bc6ddc8bde44a74f5715de17ad2f59d9bb39bc2eda8dbafee36ee69ee87dc9fcc349f299e593373d0c3c843e051e5d13f0b9f95306bdfac7e4f434f8167b5e7232f632f9157add7b0b7a577aaf761ef173ef63e729fe33ee33c37de32de595fcc37c0b7c8b7cb4fc36f9e5f85df437f23ff64ff7affd100a78025016703898141815b02fbf87a7c21bf8e3f3adb65f6b2d9ed418ca0b94115418f82ad82e5c1ad2168c8ec90ad21f7e798ce91ce690e85507ee8d6d00761e6618bc37e0c2785878557863f8e7088581ad131973577d1dc4373df44fa449644de9b67314f39af2d4a352a3eaa2e6a3cda37ba34ba3fc62e6659ccd5589d58496c4b1c392e2aae366e6cbedffcedf387e29de20be37b17982fc85d7079a1cec2f485a716a92e122c3a96404c884e3894f041102aa8168c25f21377258e0a79c21dc267222fd136d188d8435c2a1e4ef2482a4d7a92ec91bc357924c533a52ce5b98427a990bc4c0d4cdd9b3a9e169a76206d323d3abd31839291907142aa214d93b667ea67e66676cbac6585b2fec56e8bb72f1e9507c96bb390ac05592d0ab642a6e8545a28d72a07b267655766bfcd89ca3996ab9e2bcdedccb3cadb90379cef9fffed12c212e192b6a5864b572d1d58e6bdac6a39b23c7179db0ae315052b865606ac3cb88ab62a6dd54fabed5797ae7ebd267a4d6b815ec1ca82c1b5016beb0b550ae5857debdcd7ed5d4f582f59dfb561fa869d1b3e15898aae14db1797157fd828dc78e51b876fcabf99dc94b4a9abc4b964cf66d266e9e6de2d9e5b0e96aa97e6970e6e0dd9dab40ddf56b4edf5f645db2f97cd28dbbb83b643b9a3bf3cb8bc65a7c9cecd3b3f54a454f454fa5436eed2ddb561d7f86ed1ee1b7bbcf634ecd5db5bbcf7fd3ec9bedb5501554dd566d565fb49fbb3f73fae89aae9f896fb6d5dad4e6d71edc703d203fd07230eb6d7b9d4d51dd23d54528fd62beb470ec71fbefe9def772d0d360d558d9cc6e223704479e4e9f709dff71e0d3ada768c7bace107d31f761d671d2f6a429af29a469b539afb5b625bba4fcc3ed1d6eade7afc47db1f0f9c343c59794af354c969dae982d39367f2cf8c9d959d7d7e2ef9dc60dba2b67be763cedf6a0f6fefba1074e1d245ff8be73bbc3bce5cf2b874f2b2dbe51357b8579aaf3a5f6dea74ea3cfe93d34fc7bb9cbb9aaeb95c6bb9ee7abdb57b66f7e91b9e37ceddf4bd79f116ffd6d59e393dddbdf37a6ff7c5f7f5df16dd7e7227fdcecbbbd97727eeadbc4fbc5ff440ed41d943dd87d53f5bfedcd8efdc7f6ac077a0f3d1dc47f7068583cffe91f58f0f43058f998fcb860d86eb9e383e3939e23f72fde9fca743cf64cf269e17fea2fecbae17162f7ef8d5ebd7ced198d1a197f29793bf6d7ca5fdeac0eb19afdbc6c2c61ebec97833315ef456fbedc177dc771defa3df0f4fe47c207f28ff68f9b1f553d0a7fb93199393ff040398f3fc63332ddb000000206348524d00007a25000080830000f9ff000080e9000075300000ea6000003a980000176f925fc546000003e34944415478dacc98cf8b1c4514c73fafbaaa7b7eecaf99fd1145c44585448fa2010f1a514110f1222278d3bf20274f9e3d440fe2258817ff08c9412412c84582def4120411836bdc6c76676732dbbfaa3cccccd2bd333dd33db359f38662ba66aaea5befd5f7bd7afdc439c7598ae2acc53937d634326a1734f2b9467634e266b49de1d80b93d61b3dcb24931a51da47fd03b4011e90de0bf0d65744b32486606898104bd7c5745c8297991f613dc00e2d6801626701d093b48e9d4db4d66d80200560f99caaf192d9e072fdf9dcd82ffbbf712bde65d71e657f6ec6ce1e1a514de030fb871491466bed46809e28aeadbe39f568dedaff3edb5deab9a467446d0177b31a169226484983145e341b7c547b7626173e6e9ccf2902e086df3359da142da34917f506ef07db33013ff09fca76ad888863dc7cd3dcc21d6fb5bad8e1d4d280c7387dd279003701530550cdafdcb1752a6978e6a14d16d4d0cf9c63b5332c2bf75d98ed363266ad66d29a2d779bd40fd4c975eda4f56792269672ca46f55cb790dabae077337af8b5e643d3e39cbf46e2528e6c844b0497085ec3d2dab62c6f27fc4b07becd7340e601bcb9f90c3701e865e25e66e41db8f4cd03a09605b445542802ec86de09e46a62002715dc225ed0dd0c30f11e2ad230380d274fc7034d21a01b5ebcbc72ad331fd6e000d3caa4993782d55b3ecbcf359caaa95280d18280d1faababf2f87b1bf86d331b30c226ce1bececc6db2b3357bf346ef646e3e99a6bbfbcaa83c7fc11465208e8a374b898860ddbb7363e480215a801019706800fcb2db87df52f67432736b4d8d04ef7c39e4b16cdff47696a9869c567d8145dcb65b6d5e5004019499591a40c4bd32984289b44615ada9a7553ca2d16954380835f0ec51f01be3123d22c08b807f0c7d77f8b5757d500e7f4c31860e7fa5ee9db62510d6dd1fa7acabb456e66d5ac4d89486d49239e9c09691aed1756ee6fbcb6865ef64a012e9a20afb72e2eef3ef1e116c1965f0d704e3f742a505a373dad97bcd9c13b139ae6264dda4b55b49718d13270c4d6f4e09d9cd26b443dd3ca85b639fd7094627827318a00eb55d2c4a35d0fbf793777245ec34bfd963ef2dba67fea2c557a2c27543671360d6d373db2dd3280c7a4f9e2fce599803fb6bea2a377732cddffa96375d38bf48a37d8caa72501cb48d7eda3e256eea5ebdecf9da8f77b3f1cd4274e197052647460fbfbe399cac4c25053f493a1c79fd9980a70e59deb63633ff9eef58975a290f487e1c663806488a30ad2c45052fb59304701a34f7a2bc25a417c4144187ca66a6844ad029b3eea76ee0a08d6a89b26460de2636c230eba77727343d27705b9e1a33a1176acb8f768942fff8fb2c94393ff0600aec99c84b3a7f70b0000000049454e44ae426082),
(6, 0x4749463839612d00200070000021f904010000ff002c000000002d00200087000000080808006bbd10102910105a1910ce005aa510314acece9cefefde632919ceef9cce6bdeceef5ace6b5aceaddece29decead5ace295ace6b9cceef19ce6b19cead9cce299ccead19ce2919a5de9429cede6319ce29ce5a29ce9c29ce19efcede630819ce4adecece5ace4a5ace8cdece08dece8c5ace085ace4a9ccece19ce4a19ce8c9cce089cce8c19ce081984de9408cede4219ce08ce5a08ce9c08ce1984addeadceef8ccee65a4a52085ae663295a635a291910ef5aceef635ace5ace6b5acead5ace298cefe61931ce63085a635a085acece425ace5ace4a5ace8c5ace0884ad9ca5adde848c9c103129846b5a2984de848c5aefce9c3a291929849c0884deefef9ca5ad9cc5efde846bdea58c9ca58c5aef6bdeefef5aef6b5aa5ef5aa56b5aa56bde63a55aefaddeef29deefad5aef295aa5ad5aa5295aa529deef6b9cefef19ef6b19efad9cef299cefad19ef2919a5deb5a5ad19a56b19a56b9ca5ef19a52919a5299c29efde6319ef29ef5a29ef9c29ef1929a5de29a59c63299429a51908a5de84ad5a08a59c84ef5a42a55a84295a8429de84ad19846b19846b9c84ef1984291984299c42299408a519848cdea58cde844a5a3a0819c5cede844adeef4adeefce5aef4a5aa5ce5aa54a5aa54ade63845aef8cdeef08deef8c5aef085aa5085aa508deef4a9cefce19ef4a19ef8c9cef089cef8c19ef081984deb5a58c19a54a19a54a9ca5ce19a50819a5089c08efde4219ef08ef5a08ef9c08ef1963089429841908849c84ce5a42845a84085a8408de848c19844a19844a9c84ce1984081984089c420894088419103a63215aa5106329103a081063085a848c5aa5ce10634a195abd635a843a52292152845284ce636b5a5a84ad425a843a295210846b5aa5ad3a635a1008845aefef635aef5aef6bade6e6635aa55aa5ef5aefad5aef295aa5291931ef19a56b1929a55a84ef425aa51908a55a84293a5a083a085a19844a5aa58c5aefce425aef5aef4a5aef8c5aef085aa50819a54a1929845a8408085284295ae63a4a5210636b005abd00100800001000000008ff00ff091c48b0604127faf4d930c8b0a14387376e788b48f1a1c58b03234ed4a871e0337d18430a6cb271a2498ac79e1c0b10c098c88b1c25dea824f3869f63fca205a024e0e5c39a59624664864fc0ca00ce7c42acc9f4461366ce9c190b808fa03e6b038cf5f4297323451c366c603b766cda9381020cb4a4126040b48bcb9c309966c32bc51b389a34b1e1049f934afa0208e467d419be9d078e591ca00fcbb3653127ea0d6b83da132c4efa09fee74cc00101029eb0b4e290499327fefa312e19b109581c4c6c3cf3f74433da639f9d0d1870c021157f00a646f33c605913bc785d3359f664808163fec80a7c46d6e8cead069d35673900f47363070634ff17fd8400becf450d0cc047c01813ad291f120ebdb39f80ce06400bb027c0ca80ce387596d601813d91984bf219755f009a3da19f820e3e27003e458166cc136cb5051a3f5538f4a05187b575cc861fea27e0012c71f7d986d218f4047e02f0630c6f1aa6a5df010758634c850f8ac692313819a55541cd1975808ff551f24485fc84e80f4b316ed8198ac67446a1569e6df64f0048b6654c7e061c364000079c47498afd1cf35c780050326600003c61cc7cd6f523d00094a8768080a01dc35b34bb51429b8129a6788001f919f6665bd1e4c792405b48b1e287065853d494721a630f90c750a8a67e58e2b3e8136ad9f94f3fc13dc8cf88fa7dea596afd68ce65009ffae1c3aa00533d91034804e53069891356d8164b933a082c68864d93c334063113e57c84cdd7d954296a156d94d83ea89696051dfba033dc11eb6db64661d81098bc613b5f887906600d89d77af760140f55b3288f37fa438568fefc5aab3df9e967408b0e4d0340a123d23915175b24134035d0f67980666546691117084ce32683fa11668c3e5040f3a8c003164a5552177191c002a2e143a76777a2f5e000077399c314bc6284211503496380c70691886b3f392090c015502825d20d3638834d58544c13b235160504003b),
(7, 0x4749463839613d00330070000021f904010000fc002c000000003d003300870000000000330000660000990000cc0000ff002b00002b33002b66002b99002bcc002bff0055000055330055660055990055cc0055ff0080000080330080660080990080cc0080ff00aa0000aa3300aa6600aa9900aacc00aaff00d50000d53300d56600d59900d5cc00d5ff00ff0000ff3300ff6600ff9900ffcc00ffff3300003300333300663300993300cc3300ff332b00332b33332b66332b99332bcc332bff3355003355333355663355993355cc3355ff3380003380333380663380993380cc3380ff33aa0033aa3333aa6633aa9933aacc33aaff33d50033d53333d56633d59933d5cc33d5ff33ff0033ff3333ff6633ff9933ffcc33ffff6600006600336600666600996600cc6600ff662b00662b33662b66662b99662bcc662bff6655006655336655666655996655cc6655ff6680006680336680666680996680cc6680ff66aa0066aa3366aa6666aa9966aacc66aaff66d50066d53366d56666d59966d5cc66d5ff66ff0066ff3366ff6666ff9966ffcc66ffff9900009900339900669900999900cc9900ff992b00992b33992b66992b99992bcc992bff9955009955339955669955999955cc9955ff9980009980339980669980999980cc9980ff99aa0099aa3399aa6699aa9999aacc99aaff99d50099d53399d56699d59999d5cc99d5ff99ff0099ff3399ff6699ff9999ffcc99ffffcc0000cc0033cc0066cc0099cc00cccc00ffcc2b00cc2b33cc2b66cc2b99cc2bcccc2bffcc5500cc5533cc5566cc5599cc55cccc55ffcc8000cc8033cc8066cc8099cc80cccc80ffccaa00ccaa33ccaa66ccaa99ccaaccccaaffccd500ccd533ccd566ccd599ccd5ccccd5ffccff00ccff33ccff66ccff99ccffccccffffff0000ff0033ff0066ff0099ff00ccff00ffff2b00ff2b33ff2b66ff2b99ff2bccff2bffff5500ff5533ff5566ff5599ff55ccff55ffff8000ff8033ff8066ff8099ff80ccff80ffffaa00ffaa33ffaa66ffaa99ffaaccffaaffffd500ffd533ffd566ffd599ffd5ccffd5ffffff00ffff33ffff66ffff99ffffccffffff00000000000000000000000008ff0001081c48b0a0c11500d04c1aa8c22043870d1d4a041071a2c11b31320ec471c3a2478131d048dc1243a0988f00629cfca8314045000124aa101333a68a9831f60da3583262cc89250dbe0cb3b0a04b820d113aec3949525088025f2ab53951a9d1826244a2a428f067ca81998a46e50ac02ad9ab51631818a8f4e543b24761160cb372600caf209f1a3c70332555940dbd8634ebf5258c822af4460d70409926888acf3a14b32f935ca8297b22de4bcc325e986e4d0a3c5cf08098c80271d4354bd0eb4f4dfb70b006b076ec46839f25aaf418f1659a7d34079216387ba098ba5d2f5bcdd871eb40030811de0c0de046f1181d63bc0c1d43d22495c59f53ff8f79b8b75dd291cdde20a65968d0be9789839cca3546a62d65d7ae30403d2f8c9f2aa4a1d701ce19445a4561e8434c43fd15a498011ae1361a52b59535d181a74dd420413148272156a8d926e2885bbd740372bb09f5dc43788568615961e4e69c18cadcd55a85add915c66687e175c0301d8536dc6676bd75d67ebbd5162141c7b557517f780536108178c928d00d713d541181f1c9245c6481892109892f1ab4647230cc06e044019474a640c4ecf394795c4af6e6662af0c7e156789d289024cac4b7a58a3591b8e69d487dc5dd71996807958c3ea968a6757c0a44575e64ca071a0e69f065d34fb945549779986516510cffe9261084cb0087d7901141fff8516f9f4952175da416a4d424cae010187a43963527440704356ca22bb2956397998c3949260d62f4d001378c0780185625c6204a4aad105666b6e955dc6c4add50995593ec289f4652496a9018ea829b5f78d2ae90c64aa866e6226d52960a4018416538168e4fbe69959e928d455ec24211184334967559a086b4c9fb95915db9a551b646fe95a9ae8d320cd2c7920600c3495ef9e9e562ab92b42c4237d458a06068bc3732914b3124b018b5cd74d74cd5feb4af476f46899bba27c247902438d8a5d8b6b36a8a709529616991cf24cb85704ad91abbd50171d257a4a5a151a7b483c636c7e149c3359486cc641d68127203ad69919bd5ca5b5148a8b9b3862c0030f0a5e5cd182b7b5a9639cb55186232e0c8509d2a6074dc56c15a99a85a0e26d79daf7ac550a342ca7a9465bfa041843859bfedf4d6922a408e54c0d03cad9b62374cb25c4668e057562675392ad34f94d61e227747d6bc111a8d02488c3eacb166f95b2d422911656225c448b8bc9739d6e40c2d6e5c73c13a7d96180b795c5400943d46e224223de950263b6d57f1c5c9ad00db4a009ed493b404adc0bfc00d3ace0a52f419df31291338f84c4000003b),
(8, 0x4749463839613d00330070000021f904010000fc002c000000003d003300870000000000330000660000990000cc0000ff002b00002b33002b66002b99002bcc002bff0055000055330055660055990055cc0055ff0080000080330080660080990080cc0080ff00aa0000aa3300aa6600aa9900aacc00aaff00d50000d53300d56600d59900d5cc00d5ff00ff0000ff3300ff6600ff9900ffcc00ffff3300003300333300663300993300cc3300ff332b00332b33332b66332b99332bcc332bff3355003355333355663355993355cc3355ff3380003380333380663380993380cc3380ff33aa0033aa3333aa6633aa9933aacc33aaff33d50033d53333d56633d59933d5cc33d5ff33ff0033ff3333ff6633ff9933ffcc33ffff6600006600336600666600996600cc6600ff662b00662b33662b66662b99662bcc662bff6655006655336655666655996655cc6655ff6680006680336680666680996680cc6680ff66aa0066aa3366aa6666aa9966aacc66aaff66d50066d53366d56666d59966d5cc66d5ff66ff0066ff3366ff6666ff9966ffcc66ffff9900009900339900669900999900cc9900ff992b00992b33992b66992b99992bcc992bff9955009955339955669955999955cc9955ff9980009980339980669980999980cc9980ff99aa0099aa3399aa6699aa9999aacc99aaff99d50099d53399d56699d59999d5cc99d5ff99ff0099ff3399ff6699ff9999ffcc99ffffcc0000cc0033cc0066cc0099cc00cccc00ffcc2b00cc2b33cc2b66cc2b99cc2bcccc2bffcc5500cc5533cc5566cc5599cc55cccc55ffcc8000cc8033cc8066cc8099cc80cccc80ffccaa00ccaa33ccaa66ccaa99ccaaccccaaffccd500ccd533ccd566ccd599ccd5ccccd5ffccff00ccff33ccff66ccff99ccffccccffffff0000ff0033ff0066ff0099ff00ccff00ffff2b00ff2b33ff2b66ff2b99ff2bccff2bffff5500ff5533ff5566ff5599ff55ccff55ffff8000ff8033ff8066ff8099ff80ccff80ffffaa00ffaa33ffaa66ffaa99ffaaccffaaffffd500ffd533ffd566ffd599ffd5ccffd5ffffff00ffff33ffff66ffff99ffffccffffff00000000000000000000000008ff0001081c48b0a0c11500d04c1aa8c22043870d1d4a041071a2c11b31320ec471c3a2478131d048dc1243a0988f00629cfca8314045000124aa101333a68a9831f60da3583262cc89250dbe0cb3b0a04b820d113aec3949525088025f2ab53951a9d1826244a2a428f067ca81998a46e50ac02ad9ab51631818a8f4e543b24761160cb372600caf209f1a3c70332555940dbd8634ebf5258c822af4460d70409926888acf3a14b32f935ca8297b22de4bcc325e986e4d0a3c5cf08098c80271d4354bd0eb4f4dfb70b006b076ec46839f25aaf418f1659a7d34079216387ba098ba5d2f5bcdd871eb40030811de0c0de046f1181d63bc0c1d43d22495c59f53ff8f79b8b75dd291cdde20a65968d0be9789839cca3546a62d65d7ae30403d2f8c9f2aa4a1d701ce19445a4561e8434c43fd15a498011ae1361a52b59535d181a74dd420413148272156a8d926e2885bbd740372bb09f5dc43788568615961e4e69c18cadcd55a85add915c66687e175c0301d8536dc6676bd75d67ebbd5162141c7b557517f780536108178c928d00d713d541181f1c9245c6481892109892f1ab4647230cc06e044019474a640c4ecf394795c4af6e6662af0c7e156789d289024cac4b7a58a3591b8e69d487dc5dd71996807958c3ea968a6757c0a44575e64ca071a0e69f065d34fb945549779986516510cffe9261084cb0087d7901141fff8516f9f4952175da416a4d424cae010187a43963527440704356ca22bb2956397998c3949260d62f4d001378c0780185625c6204a4aad105666b6e955dc6c4add50995593ec289f4652496a9018ea829b5f78d2ae90c64aa866e6226d52960a4018416538168e4fbe69959e928d455ec24211184334967559a086b4c9fb95915db9a551b646fe95a9ae8d320cd2c7920600c3495ef9e9e562ab92b42c4237d458a06068bc3732914b3124b018b5cd74d74cd5feb4af476f46899bba27c247902438d8a5d8b6b36a8a709529616991cf24cb85704ad91abbd50171d257a4a5a151a7b483c636c7e149c3359486cc641d68127203ad69919bd5ca5b5148a8b9b3862c0030f0a5e5cd182b7b5a9639cb55186232e0c8509d2a6074dc56c15a99a85a0e26d79daf7ac550a342ca7a9465bfa041843859bfedf4d6922a408e54c0d03cad9b62374cb25c4668e057562675392ad34f94d61e227747d6bc111a8d02488c3eacb166f95b2d422911656225c448b8bc9739d6e40c2d6e5c73c13a7d96180b795c5400943d46e224223de950263b6d57f1c5c9ad00db4a009ed493b404adc0bfc00d3ace0a52f419df31291338f84c4000003b),
(9, 0x4749463839613d00330070000021f904010000fc002c000000003d003300870000000000330000660000990000cc0000ff002b00002b33002b66002b99002bcc002bff0055000055330055660055990055cc0055ff0080000080330080660080990080cc0080ff00aa0000aa3300aa6600aa9900aacc00aaff00d50000d53300d56600d59900d5cc00d5ff00ff0000ff3300ff6600ff9900ffcc00ffff3300003300333300663300993300cc3300ff332b00332b33332b66332b99332bcc332bff3355003355333355663355993355cc3355ff3380003380333380663380993380cc3380ff33aa0033aa3333aa6633aa9933aacc33aaff33d50033d53333d56633d59933d5cc33d5ff33ff0033ff3333ff6633ff9933ffcc33ffff6600006600336600666600996600cc6600ff662b00662b33662b66662b99662bcc662bff6655006655336655666655996655cc6655ff6680006680336680666680996680cc6680ff66aa0066aa3366aa6666aa9966aacc66aaff66d50066d53366d56666d59966d5cc66d5ff66ff0066ff3366ff6666ff9966ffcc66ffff9900009900339900669900999900cc9900ff992b00992b33992b66992b99992bcc992bff9955009955339955669955999955cc9955ff9980009980339980669980999980cc9980ff99aa0099aa3399aa6699aa9999aacc99aaff99d50099d53399d56699d59999d5cc99d5ff99ff0099ff3399ff6699ff9999ffcc99ffffcc0000cc0033cc0066cc0099cc00cccc00ffcc2b00cc2b33cc2b66cc2b99cc2bcccc2bffcc5500cc5533cc5566cc5599cc55cccc55ffcc8000cc8033cc8066cc8099cc80cccc80ffccaa00ccaa33ccaa66ccaa99ccaaccccaaffccd500ccd533ccd566ccd599ccd5ccccd5ffccff00ccff33ccff66ccff99ccffccccffffff0000ff0033ff0066ff0099ff00ccff00ffff2b00ff2b33ff2b66ff2b99ff2bccff2bffff5500ff5533ff5566ff5599ff55ccff55ffff8000ff8033ff8066ff8099ff80ccff80ffffaa00ffaa33ffaa66ffaa99ffaaccffaaffffd500ffd533ffd566ffd599ffd5ccffd5ffffff00ffff33ffff66ffff99ffffccffffff00000000000000000000000008ff0001081c48b0a0c11500d04c1aa8c22043870d1d4a041071a2c11b31320ec471c3a2478131d048dc1243a0988f00629cfca8314045000124aa101333a68a9831f60da3583262cc89250dbe0cb3b0a04b820d113aec3949525088025f2ab53951a9d1826244a2a428f067ca81998a46e50ac02ad9ab51631818a8f4e543b24761160cb372600caf209f1a3c70332555940dbd8634ebf5258c822af4460d70409926888acf3a14b32f935ca8297b22de4bcc325e986e4d0a3c5cf08098c80271d4354bd0eb4f4dfb70b006b076ec46839f25aaf418f1659a7d34079216387ba098ba5d2f5bcdd871eb40030811de0c0de046f1181d63bc0c1d43d22495c59f53ff8f79b8b75dd291cdde20a65968d0be9789839cca3546a62d65d7ae30403d2f8c9f2aa4a1d701ce19445a4561e8434c43fd15a498011ae1361a52b59535d181a74dd420413148272156a8d926e2885bbd740372bb09f5dc43788568615961e4e69c18cadcd55a85add915c66687e175c0301d8536dc6676bd75d67ebbd5162141c7b557517f780536108178c928d00d713d541181f1c9245c6481892109892f1ab4647230cc06e044019474a640c4ecf394795c4af6e6662af0c7e156789d289024cac4b7a58a3591b8e69d487dc5dd71996807958c3ea968a6757c0a44575e64ca071a0e69f065d34fb945549779986516510cffe9261084cb0087d7901141fff8516f9f4952175da416a4d424cae010187a43963527440704356ca22bb2956397998c3949260d62f4d001378c0780185625c6204a4aad105666b6e955dc6c4add50995593ec289f4652496a9018ea829b5f78d2ae90c64aa866e6226d52960a4018416538168e4fbe69959e928d455ec24211184334967559a086b4c9fb95915db9a551b646fe95a9ae8d320cd2c7920600c3495ef9e9e562ab92b42c4237d458a06068bc3732914b3124b018b5cd74d74cd5feb4af476f46899bba27c247902438d8a5d8b6b36a8a709529616991cf24cb85704ad91abbd50171d257a4a5a151a7b483c636c7e149c3359486cc641d68127203ad69919bd5ca5b5148a8b9b3862c0030f0a5e5cd182b7b5a9639cb55186232e0c8509d2a6074dc56c15a99a85a0e26d79daf7ac550a342ca7a9465bfa041843859bfedf4d6922a408e54c0d03cad9b62374cb25c4668e057562675392ad34f94d61e227747d6bc111a8d02488c3eacb166f95b2d422911656225c448b8bc9739d6e40c2d6e5c73c13a7d96180b795c5400943d46e224223de950263b6d57f1c5c9ad00db4a009ed493b404adc0bfc00d3ace0a52f419df31291338f84c4000003b);
INSERT INTO `tbl_imagen` (`Num_Id_Imagen`, `Img_Imagen_Imagen`) VALUES
(10, 0x89504e470d0a1a0a0000000d4948445200000040000000400806000000aa6971de0000000467414d410000b18f0bfc6105000000097048597300000ec200000ec20115284a8000001d8149444154785eed7b095894579636ea108221204200c12a04ac4236a9c25a409662aba2a040b662dff7454040365744c1054159144141c4252e715ff26ba2468d9a18b58d49da98984493fe2749773a994e4f4f26adf17be7dc0f71929eb1476dfc7bfa79fe7a9eefa9a2ea7ef73be7bd6779cfb9170383ffff1a7d0426db0abeb3b1b6c6a44993c68fcc9e9e9e6e35d33ff09bbff6b409a6134adc5cdd6ffe3763368dbe94cf7046477b3b188db781a9a9395da6a04779cda9aaa9ec5ed70dad36d6fb518f2eaba8c2fade3e369e7f3d67687c82ded8df709ce2d8f20c451ebda9ededed27640558a32ec216690176243c03c010d6d6b67deb376d46705898d7a39ea6d5456361533353f8f511c52d4d8db02cd11e46c6960f81193d699fc14c1676e2cfe74559a22a4a800571f6589de98495743d6f2eac1bdab1079191b18f04409f908695ed1d4cd13fb8094cd095ef8aa5490e5898608f38a5d53f06002e4e22284546589de684e61411da735cb0abce93b784ddfb8f223a2155f228dcd333f2d0b97e136ff21bcb3db03ac7191d056e684a71824e660ca183cb9667b066a337a5a7bde784504f33accd70c44cf10b08f630c1408504471bbd4929331c79f535a4a467253fea897985a5e8dbb4950760a85a86be3209d41ec6a88b7740aeda06462f98dda3dfc68c9ec4a33c93c845f2792cadd4de1a090a3493103afd452c4872c2071b8230668c298e9f3c83f4ac82470250525689fea11df09834062bf3a6a1629600514a33b493157416ba20c8d5f4de8c19331e66965116ff6f9fcec3dd0d3a2f139c5a224741981de2675a6060ae17be3c9b8c7163cd70f2cc3964e5163f12808aaa7a0c6cdd85094686f8ea642a1ad3a7227ae6042ccd10e1e57a2fa4aa6c7e727797ecfcdb257d0633787a7a4e8852da20d9df1a2797c8503e6b0a92fc2d71a24d85ef2e6762ecd8b1387de62232b20b931ef5f8b9750d18a440694500fc70a5009d73a693d216e82a71c3eb2b7c51a79fc2c9a63bde4e484818f70c54f8dba69ce629ff3cdddf1cb7567be3d87c19eaf58ec822bfbdbe251cdfffba0063c78cc1b90b97505156dcf8a827d5d4cfc7d0f65d9832612ceebe578a2d8d4ae4a8adb1a5468e37560560678317f40193ef4647ab26fc6dd23e83bb9d5d3cb960f7e77177bf1a27c8059ad244981d25c4ed237188f199046353339cbbf80ee655952c658f07f05f82594dfd226cd9ba9b82e018dc399a8a83ed41288f9e8cfd4dbed8395f81932bfc511d23e0fc83a3ae3d03159e7e4abd5e3331de47801a0a5afbaa3db1b7ce0bad79ce68ce764651e4543eaa5bdb58e2c2db57b1a07ece62f6a4c6c6c6b1234f1cf9bc68690b76ecdec78f1f376e1cd65678a125771ace7684a236c911efac57a3255b8cd000f9b7ffabb281a39bfc765e90050e57bbe3f4a21938dfe283ca582122bcad796546aeb317af20d4dbf5910084a8b5a8acae7b387e0cb9cd967a190e36fb636bbd1cef6ed460f7021966c74ebb9b991ce5f6f44b36ca773ab8b8ff54a1b1c5d5162f1ca89e8eed559e38bc5001471b235266dc43852e5eba86603fe972f6f83d7bf63c0c64239f2322a351545cf60bd086ea15f8647b2c96e7b9a0324e88d3140b16a7b9de8f8c8cbb3eca6a3cdd74797afdc48571ce5c63b40037db643850eb8182703b5c5d1b003707f35f28738682a0cc53c462c01832fb7ffa990bf09f232263915b50f48b7bf62cf5c6ed3d715841bc202f6212b6d4cad04959a1b922e677858585864f27f528de35d1497a7b204388ceb429f87cad02af2f90a22e6e0aaeaef187b7bbcd4365ac2c2d70fee245d436cc3bf8330be003615f5f1fafc8cbbbf6d098b77f01c0079ba3717b771cbaca3c50ac9b8cad04c0fa5277bcb526143919097ea3a8cad34d35dd43c275274ec689ca69f86aad1ce7290634a78af0c94030344ac14365c61b19805940566ec13eb6fa743df7330be03f2f59b6121debf872f8e1f5bbc329f8c3e94c6cac9a81b25993b1739e1c7be629f051871221b1d9dcd3493d4a771516a6581afc93051a2204f862851497967ae27ce30cb451117367ab063a1ffb078a8c8389f1385add2bc8ca2ed8cf00e8ecec341a1163e473f3f23674aeebfd0500df1e4bc30f6fe6e295253e2822d77ab94e868f7b83a0f6b285bb97ffdfb7429c539c513b8e0f728658122fc6b7dd4a9c6b94a1877cf4cb5d6188f2737810048701603c202ba7e0605656d6f3edededc623a96c7070f0790646cbca76ace958ff0b00fe74220df72e64e37c572832832d717aa52f4c2d6d6162660d53135334d7e7e68ed27a3ef934a98951be46c6c6303537859199159e9f68892bcbe51898ed8eef8f46235625e695311c670493f146b8f01659404efea1aaaa2a63f27b56d4f031e00118062b5ad7a0ada3eb1700fcf97406b87359f86c5b04a214c63ca3148b5c61696905733373cc2dcb0c7f72c947e98e9010b9c5781313989b9bd36506b9d2878a1e6bf4973be3a7d37a042944bc058c1b67084b33135c7cfb0aab055ecdcdcd7d71f5d6ad2f3c2040631e8061d0d2da4100acfb050077c9ffb9f732d059afc78bd64e3034348658ec0c2b2b2b1e84a860a5f50890a3a4d6e34f939b9eeece56d89456222e2e1e71f1f1484c4e865816860f3646807b2d160291f4a142cc05a2e2e3a7979797bfd4dfdfffe208005b1f80b164d9f27f8b8bd313608c3f1860ef6a5afd8fb221d5e450199d839cec6c8487ebe0e444005852cfd16cb84df67356f9f8d28fc2c8f1e67c9aa3d778646565c2c5c515ee1e9e58b870210ccc8448d3ba80bb9183de0571fcb823c7df805eaf77ada8a8b0a655377b50d58d61001028468ba81f985358dac194e7deab04f769390fc4a2c58b21b4a7ae902e1229a9691089c43034b544525460f48c19eed3542ad5434e310a6a3dfe1496b62cc81918f8cd98aaf790c850525a8a9212ba4acbe0e52583819113b85fe580bb55085b27b9cf997317909292b9910140816fc208009ddbb699b27936f66fc2fe4347e0ed6a49f71512082534bf05dadada515e5e86a54d4b6062624640bbf3cf0d51f9ce63ef7f374224f7f66382fcc056c9cdcd0df6f60e649e22989169fafad26f26227057b3c90a0a215106883aba37225413de5b595939a9a76787f908000c0ca648ac3e09c96939f0f51472dc9562701f94c2d0dc091e1e12782b7d796bb0b5b58368aa23db3b80bbd40bae2257c9e32fd9288db4b2b4eab1b4b285dcdb17531cc45fd0b49ca7a717adba1c3e3edeb4176006952a1406e6aeb492b9e4c7c3f4b67fcb0ecc9a15d1575b5b6bdbd7b7c372a4b1d1b3638739132d29351d317189f0953a621880128cb77681974c0e85c2879f432070808bb3cba71ed3a5eff8f80552f0b5849d50786e9454fbebd350e45d6c27b0878dad10025a6da18303c4ceae201e4bca2b48486ff8fbfad36f8e50fa900518930b5ccf23000a79e1376c1a4252bc6e537979dde4ce81819746ea81f64d9b26b2272724a7411b118d406f31015004ee268b0156080dd5202844cdcfe1e8e04816e101677aae135df64247d8d8d8c1ce4e804902c1e967028485c54b25620a7002a13d6d70d810007664e666e48f26303636c2f8f1a6303632e6fd532010c292b6c59464b2664209deed55130079bcf01ddd9b90161fde4f3140d8d1d1613d02407777b705133c2e31056a8d8e00700677260bf7cf64c0422041080110a27e0080c819befe81707472e1ddc181006100d8d8daf272b1efecececf68c0a10645e89de3ebe707175e3153321e6654cc4c7d8783ce56343fe628d8be1cb10c39cc08240b2868f5f000c6d25b49294cade4de70158d2dc8a0cbdb6bba8a8684a73f39a4923c1abadadcd92091c11158300721d959cb2c7550a82ef17c19c40d468b408d3ea604c408b9c5de021915283c59694772277202b206bb4b6b2868585250120e065b5a5cbde7ecaf6a70262e2c4896aad360252326b91d895567bb8ac650a1bd14ab3fd3e467e864131e315b723dff4a395b1173afd279131b207773915dc3b89fc77ebfb8790121b32585292e3d8dcdcfc1080c6d5abad98a0b985b3a15687737e5e143cdf26d7b95e082b7b29291f81c8a858388ac570727421a5dd79ee21143a903b78f2bc80b6e408782b5e36b64842fadb9e00721239c1d5d5bde78980282ead4050582409cd8886212f3c539c29cd1e624f0f76a25ccc10170a85bc0b38393ac3cddd13b5f316c2cd53ce9b25bbef955ab282b351fce7fce20ac8dc1dcf16e7e63ad737360a2908f2556063230fc098104d045cdc3ce0ef45b1e32259cef502d88a64d051a3243028147e0141a4b094679c42724737ca0e329902eeee1ec40d18080e248b092d08bf210b0353ea485989e14c734aa5b2538f058226227aa681893b56c7d0ea6df204b72312dbe7b0aa8b7cdccc82f77d074727cc27ea9b52508accec3ccc6b5c8aeada0558d0d884a3c74f414b6c2d3ba7001a9d1ea17273f2e761ff8d8e4f867cbac31b5555797cd0fbcb97d2c79f68ae2b8d3521d7210a7c2d0f76220aae946d121392f8795ddddce1e31b4031c00952891c5e529621bce1e6eac1c72823530b3e701e7bf32cb8665b704b1c20b227201ce40f48db5f81c1de5e2489f725f3db2d07b78e5d5ee0baa5e036cac01df0838727edf18db32673b78709a1ad09d7d2431dd1dab606e19191e4bf2188888cc1aaf64e1a678c790b96c0c03e005c0fdb1b34405844141c26bff46b7e751e5895b1b1c988cb7ced4fabec2466f5832171875cfce1400c6c9cbc104516104f1c212e5e4ff1c8839e13c467002f5a7d8d564b1981a54a25112f371c5e1206ee203db343086e0dc9bfc203dc7277705dac309bf0d5ff600563136d5de8865703c10dfa80dbec076e9b0adcd62070dbe9bbbd41b8f732ada6a914221ac722b0b58d3962a29b31dec892a2b59ad295068d8dcbf09bafbf41d7864174a6bbc143608c7186463c3fb0b1b146484810c51323325f19ad9e92cf204141817c7065d66568628d0da5647d1fe4c2d659c1fb7f42621252d33278008202437936c8569ef10377792062e3e2c86a12c01d8902b7474bf28680db42f2f7296911c90db7920598f26ef9575f8c53d3a0f1b8f3f967e05ef6a5c9288dbd4213ee2564f7d0840775b87f3e0a7d0dd13071f08654660b43a3bdff19f8e8fef1c656f8f0d66d542cdf44f7b9f1bf51a0fc334ba1860646707577a748eec9c715e6b341a121fcc5022eabf0ec6c85f718c1e1ae67900bc8098018022005699999147b5c69d523c01331a51fece5f1b8fb463e054d8a19af1100af25823b1a43161b497287e1870339f861286c44be3bff1300ec777e30779156fd304d72247af8fd352d7ef5ed3db20e1db8137a70a7e2f1d3cd8d7097b0d6f72a78b82970fbce1fb1ae6710972efd5f7e0e75f67c7003cca78df84c121a1a8a828242da1d2aa3d53621f711c2d1514411dd022dcdcd58ddda0a6717179853ff9095d1dc17b9b0e10188a52a33952c800a2eb2000999beb1ad2b1a17d690ab90e2e7896e9f49270ba8c177bfb90eee782cc948401ca1f7431aaca46d7a268f3830b0faf101b84c133234d975328d525925fefd75eacebc410f3c45a9ed742aee9d2bc077fb02f9c9fff9abdf5011940f330b63d43754e1c64737a81690617bba10e34859b672ee9ec3d6c05c61c1fcf92824304a4a4bd0daba8abeb320cbf02097b2a68c42fe6a6c4dfc21150616523e0b24114b64beef1b180e9f9068bc4a7b851f5193e43e758bb8f394322f95e0f7e71bc86d08f473f43793f1f524fa9c42e9503862018fb5b5fe1a13f2f7af16128b0bc38fc753281acf05f7eba5f8f1f262dca577ee4201a5b62cdca366c5b53e15baf836969ebf9252e7d0bb8a1a16a19853dfc8fbbea5a535dcdda47cee9e3dbb0c959555f4bb0da52f090556096fceab56b5222e3696ca69293c3da544a79dd0942d4728c58bb0700a8289c9088cccc0adbd05f86c970e43d4187d7f6b2c0140b25cccc7fd8f5bf1fb775692d57413815a48dfe5e2cece38fce160cccfddf3710cc0209201b0795e38214ba9e8420ebe3e968bafcf2ca30dcbd5b8f7452f1538647ae7f371f77436dea7cdcfd6e565289fbb0dde3ebde8df700b0ee2f590a87a71b0810e468cb3e2eb06117571245219e414f45c9cc5685ad284a54b9761d9b21634352d83a505a5d5d44cbeb660048699ba8101a5e253c9f05669290324a1ae9416e37c06aef447604b8302d7876270f702f93f93e7cbadf8eefa06dcfda49f40cac38fa7c852dfa2df3e6325f5c32ef36301c0c7019d96a2e825aae5a91fc75da1e6c4b7bbf0d39d2170bfdd01eee3d514744af1e7d339789ffaf6af2cf2c4bc427205fb7f45d6550e867a0e19890a9c5f228515314421016041c14d422b1b151d8bbaf98bb179702b162f5ac4fbfe9ebd07515e590375980eb676429e4489452e64fe44896fc5c3dc4dcb57895df3c91dc9f52ef7693148e05edf12837b6f928c9fb483fbee10fef4e96e703f9e1e06e402b90103e78b7a1e0046951f5bfb11c4fef86a227ea2a284bb36870a1a32af4bb5b8fffd319ab48f28ee1cfc3b01f0de501409a3c0e575a11427fc89963a42ec4a821f52138f77811529c3182313c089d89a0fd51619597998bfa009672e5ec6f2151d2829aba22097c6536f731acb9a9dacba7371f7a22e70102a72631111138f35b5c300bcc300a0bdc2f7066371975c91fbcd20b87f3b834f8e9682fbe78d245b055f4efff67032be3a510903430b02547cf8490028e6b82698d04105eeeb3afcf6d5025ceb55e1fbfd5adcfff16d026060d802ce11008304000973b18b52e5f9443879c7c0524a99e29a96f2ae1b9fd6cc88429b104797c8bca18b884148981641ea70f81371f29253091d1048ab1f81085d2c8da382cac20216d6b6f49b92780011b133d15086c4e0d02a4a7314d82ef568b1b94e89f7b644532066006cc1fd1f2ee0f68e307c7b60166eeca4a04de6ffe12e026ba30e53c51ec78826a73e09006cecf70f53e2d7b5549d95e08f471371ef4f04c0af9bf920739f4c8c01b09900786b9d86be4b8124281673f3a3f0db41351cdd64bce95b52fd604581d068bc31b1c748ea15f8a261fe129c250b686deba2fc9e0b560a1b51c01c2eb76d890bd8514aa4146a492cf4231d04ca381c5e15cf67a5b7699b7ca09662c060347e6219e0fa6272d1d7f0e9764ad7ef96d1df2538d9395c7fb0961abd9b3da9f26cfc5887c9d68a8720dc998b3fb31a9da51de65bccc7cea5520c50f32ef051bf0a2b8a95c4ca42919248694b478d110756bd897873b6110a080c4be8a2f514104590784929e039f34d545f5f5faa2419bd758180c6b24287054d133a69eae245e4eb980656d248585123867b53872bbda1e89f2bc3bb3d7292873a4e6f924ce732f0c91ee2271fcf414725dfaa437d9e766ba27ababb91919923d3e7494178e1c5e79e736ec896c88b12953bd884ab67fbe2fe87e5e4ebd4ad2120bef9f40a6e5dda8f81723b7cf6e5ef70faec0954cdad46664a3c1ca4413cc1d1683444769ce0488190d5e8baa838525c0c4f0f2f48a8ae9748a554d0c82023730f0c0c2272248088fa8a427b215ff3ab02d5a8cda462cc488837ce1cc1ed6ffe88ee022b0c949ae3771c473181daef170b70ff32f50fae97c2942ad38448f5d7875787552cc9f5cb502b5d94e3c7bf64f3a4cab3f1865457db6547b8cd5c56a0c838d2aaad0cf4957d97a412a0a99432c4af4ae8c14954b050ef8f58dbc95307b173673f4e1cdf0581a32b1547d1fcf7f1fa046a987af04d15995c81302ab3591a64a5b31b5162373a59c60890827e5313c5b523909c5ddc78eb88a5c0c7bef394d2b9a3633b3030d0815dbbfae126f74741ac276e6f269e7f351f5f1ea19477211386d6527c7c207fe7eee6b0ae8e8ae0b2866c6584cf0cf134ea6ff05de7277e9919984dd087393bd7644842dbcb7c8bb62f0b6fbdbc2d6bb381812d5e69a1a0f7fb6a8ab0122a8a9c69cb2b0567ce1c42ffc05a04046a909492c69b212b627cfcfda974f5426252224f6bed1d4404882bd5feee04861b9c296b300054540d3ad3f79e641972fabbb0a01841d40d0aa402aba83803274eecc1d0503795c4129859dba379b616a12a298202fcf0eec1b9276feccdda7db843dfb3695e70dd8ad901b115a9ca1933a5525b6a96f07b8f4ff37a2e5ded68951fe5e2b6204712da59adcadfd91cbaecada1b4ee93fd85c7e7a4059092acfb22a282c884528d0889a4382b5b7348780600f5ff9090948c144a73c5b467909c92c9b7cc58fbdc812e27ba877d76250b91525759add6203a2696e8af8e68f26caa2ec3f80ca1a3828815690c1c57b228be3f61e988fdeb4b3ef8d385ca5defecc8d97274edac55db96eae6ac29f78f6ec8f6911726cc10aa54ae264fe3ff0fc1d26aa71acd104fb24c0a7110cf4bf3f25f5ba64c1a6a0aaf3ebb3169d5d72772bafb9bb36f0d074a434a771688d5eb69a553515dc3cefa8ca398508beab935fc95466def3c028695b12a2a8c548121c4ef55940655f0a566882f757c929353905f5080a2a26278d3be43746c3ced2510118a4fe0f705a552053fefe2cae46fbe7fa364f7edc305dbdedd95d371bc27a961706170764775b0ba2ad5cb2374a6c0563d7dfa0b4fb3eaffdd3dec04879946e624a84e9e2e6daff2d3ee6ed1e69de98d9dffc1cb191db7f665f4a526c5ff646064ce2be54b0dd1058b88475049cb3a37eb7b36a0a3b38b2f6acae838ac268cce0ed0e7f0081db4d448d168c3a91b1c46bdbf28aaebf5685cd2483479296f4169195950500b8cc50503431384eb22f0e6e6bc03c7bbf5bb2f6c4edbf0fecbe94d6ff4ea4bf6b644c6ac9d13a8acc99ce9249f666bf1c0ec1fabf8795c90d864cfe9fc3ccce7a64f7758373750b9b3392cfa646f72f1be367dd3b666fdba4dcbf376fbf86bf874164edd1fd698644ad4d5d6e1c0c14364de61985d5e8154dadf4bcbcc424e56363269d3332d23835f795d641cfd4385165bb76da7b418402d38537a575136b0a33ea30c4df34b4fb52dccdedbbd3869606b735ccb8975e915a73626241e5815ed3fd4182e9e97a7b48e8ce4cf128faae27f09d098c993271bb387adad0d72ded112a9eaa8d1a436976b2be7cf8e5d55579eb2213f2fe7a29476732424b488821c03e1e6c737f9a89e5f5082e6e616b42c5f8155adabb162452b9a5b5af8efa26312a8204ac5d163aff2f7b08c2012bb203737ffddbcbcecbd8579a9dbab8b13d72c2e9b55bbac429d35d0382bf495d6f8e91be6ebec4a4b55e4ebff0f8fd0b26dadd2049549776da86d813ec0235eabd024e802b3e262b40d6161e16be9f7f5be446e2414fd59d79829d4d6be861d91c1912347f0cade7dd8b7ff00f61d3880dd7b5ec1ce5d3ba9e44de5c7b0b1ec1e21b5dc3273b2f7d096f96e5d74ccba289d6e51428c263736225097a0f39b519f112a5c591f6ad6f8a0bbfcb8a63caae3d8e6864ae53941317dba036d90ca150a45b4afaf7f11b5ad1a13935376b17adf5620a066a72b7573fd790a7cf55757f1e1cd9bf8e0fd1bb871e3063ef9f436b693d9171497f33498558402ba828335d78837f453105c1a18a89eadf0f14b90c86433954aa5689a7c9a05b9cbc37346a3aad4d34c3675ea5423b1586c2921e17c7d557e6aad4eaf0a566733c637dce4f022ffafa64e71230a8aca50513e0757ae5ec5b9b367119f9040e7034b904fff3021577a93d9bbf17e9f9a9edd4c9de286e06075b2af2a2490c0a576a2d2fac1ff0c3c533f7f1a0cd83d6366ce9cf9a2bfbfffa4b0b0283755488836441db6d08fd25c089119019974f38ad56087a10e1cfe3ff8e65fbec799b36fd3c1a81e2c5cb414a9193994e33d891e2b884c055fa37b6b953367c6139df6a439056ceeff9547e5ff122d766283ccd3342848eb2491f9cc0c60e52ea5baf23935fcf616b3827dfb0f6170700b76ecdc8dfd9421c2e93fc6e40a3f0a82197cdf40a78b29542a67c67b7acadd743a9d39adfadfff54e8939a050161e23153e62ca57da948da3089a11cbf80f60c3aba3650d0db87edbb76a3abbb97768d7b2913aca60354f93cedd56874ebbcfd03d3a64df398c1fe11e359a7b527d5eb49c68f5192cf9215c8034234b9f4cf935844a6ded1bd017bf71ec2ad4fefe0f091e3d8b07133962e5b4e31a286353f6f06aac3667b29141ab178ba0381f8d43cfe49047d6663bdbdbd8d150a7f879090b0505dac3eadacbcf22cf9fbb5ee751b3f3c70e0f0c78343db3f262bb8d9d8d87ca3b0a46c0f15510d5a9d4eaf50f8d2e2f3abff0fff1a43204c644191ba3e11d979454555350d2d2b56b57577afdfd8dbd3b769039d0eed59d4b8acad78f69cfab4b4cc1472171f954a3bd9d5d5f5e179e27f681458508c8a4ab6cececef6282cad086958b038adadadb3a4a7775345efc6c1f2ae751bcae8a0745e794d7d746e6ea18f5e9fee306bd6ac17ffa195fe4be1d9f9e09c9cf297aaaa1aa692b94bdadb3b555d3d7da13d3d03a15d5d3dc1cd2bdbbde7ce6b742daaaab2a3b12347e89e3906ff0167a63464788e918c0000000049454e44ae426082),
(11, 0x89504e470d0a1a0a0000000d4948445200000040000000400806000000aa6971de000000017352474200aece1ce90000000467414d410000b18f0bfc6105000000206348524d00007a26000080840000fa00000080e8000075300000ea6000003a98000017709cba513c0000107049444154785eed5a095454d7197ece4b4c6c4d63db2c3535d52ea96dda54da6c6d0eb54993346dd33639a7b126314d6c9b9a266ad2d6a84d4d2326d5ba8382a820026e2cb2a3a8a002b28882228bc832ecdb08c800030c4bf0eff75de651636219e034f494be73fe33c39bfbeefdffeffffee5de87a6fdff1a5d04ca13b549a3abc128afde9062fae328ab30bacb37a6e96ea3abc128af7ee9942971945518dde55b73168e7100f29e91d175c128af6e37bf2bf589dab4515663f496efaadc2c8d27f587474f83515eb9abd2736c03d05deb27974e8ee152d8d31022d653631880de4bc1d23c467b8171483fa6f7dbe2e452862909dff9f798b968ac0eb9a1cf162fd6933a7b81ebc7120804603ce4e63edb01b1a62b003ee900654cb080004c80dcd6678b92d67e064c1a4b2c30c1d889c7b66bb3fadaf74b6b3f036e71b0624ce402c6ff4d07dcb5e7fada83a4355501f039c88d63250f5c47ca17ecd736f775044a6b8a02e0f38eb018130c20009f298dd622fa6c3b8d1098ea488463020096bc5baa0f68997d6d3e06005f625e80303ffc4f5f4609bcad2549973e9bb7b465a810f82af3c258026072eb0902b0456c99ba84b8692fb12f180bbd00197003640acb5f9fcd536c59ba9cddae6d75f402ac10fffd97bd44771fa6960480e56e2a1ba03edb66b19d192f85bbb518dcfb2c840972585777f9f52ec37a70a80f59b3b5491de7877d9a6b74815f22f509407bce78a9daaf1531318e04005b9efe7057f9c7f09ec16e3645b6679be60e1538c77802c0beffaef67304c0433ace8f97e6431a13e1ed105688615fddd577fde70f59bbabee19c922aa0dde8fa4672f9d2996223fe92cba5d9ae35525b803c24dd2b07b81eeea0747a2dbe0c0dbcbb569ddd5df1bc92204e05345215ad43abf2c59e451242fae2894ca0457ce7927840972d800d8cdbad8cb869d9f9c00c06ccaee2c9e38120098e52735a4dd21e652b36c09318bb9a251defa47b8042ed67e8adf46b41fe8c8336577578f88a1ff1e84eeaa6f2069e956879786e32966f9cfdacedc2c9b76268b9b679a44c7a589dfa61f4a4980168fdf3e314c065097711d79ba5b8f65f6481c746d00dacf5fffed1ecbf3623dad6f765095098b941e0a10d7bdfea47617bbc0aef29bc59c74a7f4d4de2dad69ba5842551e603b3c94f9a830c713d81b0a0e6a5feda97b54ec15a6c8c1f93cb411e3105fd69eba27e46c84f6141ebd95b10c19ca51966a838b766821ec01ecc5ba1c0f9f2345c71f4222d4a5215c01c06e70a8fb011acfcac2327a6b57992edd55b772aea102f96f113175554c91aeb2299cf82e87dc36c498554d50dd5e4d197fe25491cc5be2232f2ff691bd3b9732b4e4e80aede70e6f3aeb1e636ff1193cc00dd57482d97bf105a9ccd4beecec24838d1bd77ac1b4a8b7e137a8d9ca4bf743be0561d91a4ad2523d00ebff0eaf5f4b7a56b1fc7ae12679fe5577f1f08d15db595d9a4f9af21cac1a4c27e377030032f2ebd4ad231f00342e40180ce42a67e7bae6381369d5db384fa83c46fd00e202e129ce50eab66e3d6d4ae92cd025ccf751c93c679659bf5f2b4fbdf87759f26e80da15768219fbde520dd150e8ab122be41b9099960cbdb8bbfa09e9aa54ba8e7c6f9115a3ddd255365eba6b9f515ec2a43f7200c09873aa73b35fd0a6b524eb5602682f7d52ca133e2d39051532ebe555f2f8ec65f2fc2b6bb029ba5b0150e5af494bf2905a6d1ac9dc41063c9a16a2ede13c3d9639d25aa2bf3744303fc48271a4d4fbcdef40b92f4a739ade8e113f817c1332c959843b2fe87229b63ff63b4be6aa4390bd618932ef4f1b61fc2a717d6a113645ae105dcc5e9a341fc1b8f34e3734467bfd150210e7abf9771682b10d4b85ba5b73aeffceb063a0319948ce872c1252b7197f3b00e00186d32738a477edee7e00ece6fba5f9b02e870e1d92e8a868f1d9ba5d7c56ff54da73ef93e6a3ba5c44396c8cd08d707346776387f9050c7ec492a87774953311fe562eb7fba8e45a99a27dda99893e30a62058b396c569f2be7507caca23a0ae2e35f81b831e874c833895006df9a63fb1d7b784f403c044da765a973387e7ca9143f1121e168e9723e301cc04a98bd4d4ef3500cbf1bec0d95cc05c3419e25a735843b5028858a33e7fb958d2274a15ee0d0980ca506dae053bb4aeb21f63c7e6d59fa1e1c5b2284d5e785c7b169339bb7119c767e955328847e08c4f8af5b80ee323c46fdb46b914ada97b97c00c7e96796b62051b6c05a63f3b19c34c84cc490fe4056b529aa04903c2aca7610558e0a7c0ccd9a3253a0d42d321ad82dd9974474b5febeafed8850165f0d09f6769f331117b80c112a03afd61d757e1db6f604d78ff27c55ef69ea227d9c0e331dee35805c4414d9a000a5a5b7ace99664bed31202ee958ab3fd93277bd091bc2a43d1b6bf41fbf3bc5289d946d036ad21d851058a600e00186058a7de72baa0ab0ee0e767a735da4bbe64243081e0dab40181800484f14e83e0fd9ff31306db2bacfe4c823327eafdd371006cee41aa312b854c049aad3c4ceb0a7f609b9dc19a88076bc8019cc69aa6e7eb234639ddaad757474485656961c3c785021580a03f03bfb00c61be3ee5a973af9293ba0f975e4fe8bf635111f04a0cfb6417a9b5ec1be60aa32baed14629715c0c1929644e535b26db07ec3e805eeaf00cbc8a89463c1929a9a2a8d8d8dd2dada2a991949521ca2bdea70dc4732415176c182055f3b73f68cf4bedf2bcdcdcd929c9c2cd1d1d1b27cf972c90fd0e474902605f06a05e2ec22166a82d79a21167ce73de37e1b1873a5f14c6ef53157007039555a6b62c45eb91c49f65bca687abf78cfbfc618f72e02fc8aa31afa074d2cf8de82b0a1571922ad58a716a153047666856a920bfda2433cc5dfdf5f929292a4aaba4a78d1913939397eb0913bce8fdc6fd0fb9fcacbcb8bcccccc540fd5d6d6ca91234764cd9a35b265cb16494793928d458ab158ed714d1a91d4683ca516de2a45b6ad82a24dc81face934daf0a6e508c633b156af5473f322cb08f0ae5dbba4b3b3b3bf0fc05ec1784601807b04b91aeb95c6635d94622664c635e7e76703f4e0dae70e3e20a931afa812bb6edd3a49484890a2a2a201004acb4ac9a86b1ebe323e6ea352a74e9d520f151717cb81030764d9b265121a1a2af1f1f19275264b0a0b2f286449afc6fa3ca92bde27e6536f4a41c2bd0a08fed303b33f1b12c398fc404d921382a4aebe4e2e5fbedc0f80b91f80c040bc23044dcf9d3b2766003c00009e6742b3b28f48b95d720eb94a41fa3b525e9880792cd2d6d626d616abd4d5d529434f9f3eade662c8eed8b1430e1f3e2c67cf9e15bbdd2e959595929191619c3c7da8840f1c5773929a9a1ae9eded550a454545c9a6cd9b243c3c5cb160b3e7660908085093711c0daaa8a8904228909b9727999959722e2757fdcdfbf5168bb45f3c268909b112161626955595d2d5d5f50100fc03fc1598047ef7eeddd266ad5580f05e5575b5949498252f3f5f3241e373b9fd73979757a8b5e98c98981865388da69e21a121121111a19c76e2c4090512afa3478fd2993f649ebbba2230266ec28f8f9136bc6c369ba4a4a4a84983828264eddab5b26ddb36e53186487c42bc5a88f9e110904e4f4f97f493e992947c02e09c96ecec1cb900e5cacbcb155bd2d2d29472f43a8de3555252a2e6a3d08b4c5a5c8fe3691cc12a2a2a01b0b90ad894d4341894aa281e1e1e29c1c121ead9c2c242c5cc90901071737393a54b97caf1e3c765ebd6ad2a0c3837af63c78e49d659ec6ef072f6ea2aa6b228e8124bc3785dbc7851c53f6389c8edd9b34776eedc29ab57af160f0f0fe5292acc858f272642f19de2e5b545fcc18e8307e3e424187232e3a4620ae72468f4c8f9f3e795677991b6897896e010282ae8e5e53500727676365898abfe0e0378be00672b9c100700386f2a9e8b0443c9203eb76fdf3ee5793214094fb1222e2e4e816e00c010bfba8a197beacf1371c6392fc60ce94f43494d6655221c1b1babd0a5b799bc366e74174f4f18ee1f0003c32432321a0bef163fbf9db27fff7e23fbaa4f2a47a3aa416be60102c0b9f849a167376cd820b9a03985314c23828242945e3131b1303610eb7989bb3b9c00a7a4a6a6abd867c6a76e642b75a5f3181a0c3b82c1f590e0155301000f4f580dd435f0b282e5cf63938724c5ba898f0f4e6af6ee551321f63ba64f9f9e807b2d348a4986aca0c2510801dedb8a4dcddb6fff4dd62054b66ff781b1919280310c237a980b335ce8397a81798040d07b4c66a439016798a97082906104817a905d2b57ad126fd03a14eb71aeb8b8c34a0f3284e350c273614f38e5e9a79fcee2babebebed067bbec709f838dd73a38289200f040875b6875195dd48c1247fbd959eca26a6ce59109cafb93274f8ec6b840c82ec8be193366c4058706b70407078305080d20be0d8b6cd9e2ad3cbf7bf75e3063233ce5a9e29e95841ee42769cec465646f02d0d4d43410c32aa770a7884f2ace380e0f8fe8f72ca8ede3e3abd8b667cf5ee4a050e6a612e814ecd0cd079f5e0ed941566d5bf9a0ea473af227a36cde29e5d8cfe0f7ef41b8775097b19178307cff2e69696951c2b82d88be435e7f692a1f5803f92be42f1037c87a08dfe806dc73cf3d319b3c375bd7afdf206bd76d5046fb00758647304286b467fe20b34851e6018601730cfb0cd295098ff9827467c5a1c7c9060a132dc3d0cfcf5fbcbdb78a3bf2cfabafcd3763edbd10363634f81f90b720af417e037919b2f4d9679f6dcd4163c430608ee1457df01b2b01ff2d475dacff3c869ac9c548cdfafa7a456bc6ce9c1fa937b77321dc067fdff1f98c639145f85c01d908d93661c28420d0b09a499254f5f3f35346110c0a0da3c71906cc371694c8152b56a8efa4312b008dbd52389e61f1e6e2c5d5041ce20d59077907f23ae445080f53a9db0c084f867808c2d3eba50c6b86413eca282f828afb3cd4e1f9818a7ff6d9dcde3e42a4484dc628638af4c7fd3f405c215321eca2d89bf33bcfe0be0b7902f22bc83cc862088fa13c264e9c18b064c9922af60e146f6f6f25348e999ff4240b0800b334cb15e97ea5ac5ab5aa99f3703ec8bb1002fe3bc82f218f42ee834c87d09b2c6ddc381947e42ef8fe02f316c390fd007b1b07004fe2b769900100b8b9799825a3a1a14129c326c8d5d5950bf395158f983939c3853983ace13f3b329110104ec663b287203f86f0cc80c02d85acbcf1c61bb7bdf1c61b152ca9ebd7af571e61d26339645e2828285031cedf00886dca9429cc3706adb981e17c04fa41c8dd107a8f31cc7fab615747bd8c97344653378536411630ff309fb0ff6065c0bd0100f05d1943231ec2c0266666262120578f7bf42c3326d1bd7a2ba95e473916278b58560808c3896586cf91395c6c0e84e708cb0086fbfcf9f34b59fe0800c30099bc6be6cc9951f89db47e03f212e41790998e79381fe7e5fc049ebad011d7dadfabff4584f0e8ee67cf3df75c004390a1cdaa817b8f410890ba8c2a40649f220b40d51c7c9f05b917e2cc7694f350197a81de2020a422cfe2c82e1e58ba40b895666cd2c005109ef8d060262de6958fa235e7e17c9cd700dda1fa353f388e20d1710cd59f2f5cb830908ddcecd9b3c94ada355005d436184243399834a63099f0de705f595f0908e760085121c62be3d605c2972c5486e033af18afdcaea6f560067fd4ef467ee39a7c9bc5f02123b92e75186884f8303d4725491b263a23a10c7610e1ac6286e70c86d0407a96eb1198ab69edd4d195138b1b214a63c9467a9d61c4f53ff4d2c4f0189534128a136b0c6b8861a0b3941ed622573cf471da36525d3fbee7ff09786d5a647778f0150000000049454e44ae426082),
(12, 0x89504e470d0a1a0a0000000d4948445200000040000000400806000000aa6971de0000000467414d410000d8ebf51c14aa000000206348524d0000870a00008c190000f9df000083cf000090f90000d97600003eb3000022abc90b75d5000000097048597300000ec200000ec20115284a8000001ccb49444154785ed57b07789ce5b56616b29b107209219790bb4b6eb27b61132079b80984628c8d1b6e92251759a8da2a58bd17ab8d34ead28cca68d47bb5baac6259bd4b56972cdbe35ee56ee160037eb29bc0b3efbee7c7100276c84dc0e6cef37ccf68c6f3fffff7bddf39ef79cf399f1ffcd657ff7ae45bdffdd64f7ef0f00f7ef8c0030f3cfcfcf3cfffdf2b57ae808ff96f1cdfbe3de4b38ccfbe1ee087fffa99dffcbfdbfff8e067be93df7cf2fd573ff3afe08e32c1279c9c5c66ac6cb71d7ae49147b6f2f34b8f3efae8af1f7dfcd1e72b2a6a66bff7bdef3d2fbfe1f82f9f7bde3ff3f3b3aad088595757cf89871f7ef8c7fcfc3f385e7cf0c107df58bc78c9e0edebe419dfccd70b2fbc203bf853fb2d56066b3b3b8399d95683d10653c3d34fffc27fdb363b6d5353d321952a32fcaf00f0dcd4d4d45cdbdef643fccd2a8e75bf7de155c3ab8bde30ac58b97abfababc704bffbee3773f51fcfea11afc0a029e7651be1bcd418d6eb372fac33dd6458b1628dc1c6cab67178df28fcfd7656de0100b186c757ad5af366cb9e360405a9cefff8c7ffddf0dbdfbe6078f995c586d757adbae8f49a11969b1a4df1778f7e530190453ce11b1a3ae3fea619dc569bc179e56638bfb111564bd6dfb0b6dcd6393dbb1f71b1daf9bb01e0e2e266d7d33b80d090f0851f118045afbeb6e0fcea3ad82f5e0ffb2546d8f29b6533bcf65f38be916e2024f7af5b97af99f778dd141e8b8ce1b1d814ae04c165a909546af5adc9a969c4446bdfbd1b00515171595ddd7d8888887adff2c5e5d8fe1a17bed818ae8b8ce0bdc804c6bf5ab460636f3fc9eb1ffe265ac123c12ad5d436ee56f45a5b6c78e6154e7c3dfc966c84ffe28d888a4d78ff6f05401d117d6b2b01707fdd84201a63db0b2b60f6abd761f1fa5a2c5eb67c9a8b7f8ce3f3247a5f3151cc3f2c3676c67eb92902969b61074df7ad7f5f0a9fa59be1c7dd0b528560726af64b2da0bb67005151f1885c6d03bfa59bb0fe999761f99b65bcdf5a382d3181c9d32fcdd8dada2efba6b9c177c4fc1dd66e99b77e7125c2d65861dbef5661ebf34b11c1bf83976e2100a1989cfedb008854c7c1f995f5085a610eb3e75f87c9b3afc069d13a84adb280cd4bab7fef1310206ef0fdfbbae59f7bf82391b171532e2b37c17d8931a28db6c1eee5d578eb37cb098635d237bafccd00f4f60d222a320e71ebb743b7c515a6bf7e0de604d265b111420980ed5223ac58bd5adc4074c337c20d64123f894fd3cdb8aeb340f06a4bc46db0c7dbdc316bfa71fa560f14bee5fdb10bfcd9027ef2b9c92b2e14151553d0db3f88c8c858684d1da1dfea0693e716c1e2b7cbe04a6077ae3487d72a73583cb3e880bb979729af116579df5f224c7ee6636137eff3a639a28db723ced4016fbfb60e567487025b3f5498138090a02f0540ad8e2d1500c2555188d9ec881c0b6fde6339815c89a0372d10b8ca8cd6b51dcecb4d6faae313c50dfee9beaf9e13f841bc3679cacfd8122e24a9149aad66b313ff3686f3621394bee58368750c42828330a55840c207623177b20001a07f6010eaf06838bfb51dd96f07c29521d4f6a595085e638988f5b650adb382cb3a5a81a9b9680291cbf7d50d14d34dcac99a0932774422179e65ed8da80ddc252a41774682eccc1cc48546c1cfc70b33b307a0d3654a1274470092b4baa981c11178b87bc2ded21e892191f0586f09af659b10bfc901a15cbc8696e1b4cc0476bf7ec3101111edcf7b89feb86faf87f8e49f873a7bccfbad3547a695177c579a21cdd203d62faf42b22e0369f1c9888e8ea55987629a00b8b838df1580b8d8c4b981a15158599ac3c6c61eb1613108f60b82d38baba1b774879aee15b1c1163a7357f86fb0f94372668648e347eedbeaf9e047757afd946ae37684acb742ee363ff8ad364730ff8e34b1c7cec010e4e416203a360ee1e11206e760636df5d1dd2cc0caca7c58003037df025b5b7bc4c525c2d66a1b762edb8c642eda63c546ba96118aec0310b8c51eced6f69fb8c17dc3e0095d7ece4cd43657c46fd98162c79d0831b241983177c9ca1d5a9d1ec9293a4adb68040707607c6206db6c6def6a01569616730383c3b03037839dbd2302028210161185400a229da51b5cde30811b730b0137d08820bf617e2c39353597abbf2f19a262fe49be61f3d1e6cec8b0f146a953106209842fa341f6763fe832b2111faf45427c12c2c3c2303db31ffaf4bb7380a383fddcccec2c121334d84e00542a352263e391bc7107f4569e705fb1098ed4032a631b041b5922cac6ed237d51e17dcb101f4ecfce99cc760c44ece61d28e2eeef72512185feef45000af87d567e111234c9888949406c6cb462015a4dea5d2d202faf606e6878147e7e01d8b6dd9e9238165131f1c8b5f044b97308efbb190e8bd7c27f8d05345b5da0b6710337e0beb9c1c3296969930dc595d059bb6397ab0a79f6fe48b7f581df1a7394b88420bfa4140989c9884f4852009064283e4e7b5700b4dad4b97da3e3f0f1f6859d9d23c2680151711a145afb1280508492001d96ac47302d2085a4184e5134323b7b5aafcf2cb9e724f0e4934f3e5457df70a6a7b317ed9ddd28b70b44a69d0f32b67b23c4d40615eee1282aab407c62124148e2c2e331fe370130a100606fbf03616111884bd4a288e45aea128a141b77d82d5907f5267b94fa446277752d060687909a9a3a76cf0178e289271e9e9d3b80be8121ecdf7f10d59535c8dce2840c3b5f447082559e6a94565629bbaf494c4148482026fe0cc0e37710308f2527eb67f78d7d0c8083a31382435448d0a6a2dc3e10bb3cc2916def07db575621293c1e73fb0fa0b76f8063107bf7768ede7300f8c07f1e1d9f787f68641473738770f4e831a4c425a32c28164974895adf185437343204c683a6ad00303ef1a90bdc1580d1f1497879fa2800f8f905429baa43e58e2054ba47406fe10633732bd4d537e1c8b11318d937864186cdd189897b6f0102c0c4e4d4b5610270eacc591c3f710a43432398e5228b330b50ef15852ca74094d7d440a34941586830a3c001327cf2dd38e0c7b480c9b1f129d8da58c3d1c159711d774f7f547b46a2a0a01835a595dced0e949655e2d8f15318e76f47c7c771e080a1ec5e5bc0838989c97ed5b50dde425a75b50de8652d2f3d230752d2aaa9aa455971192a7604a323361d1e612ae8d274f4d77d484a4afd3f7711428f2725e97a0580949414d839ec408ebf1ae5be6a148525e290e108f2f38b515d538b03070d04fd1cc4058f1e3f81d2d2f2f17b95133cf0fdef7f5fccf7d78e8e3bb4b9b979e8e8e8ee39cdc91c3c741835b57518a490a9afdbade8fe74cae0c6a044548526204d9fded3d6d18da08010298ade31177075f57211b34e4fcf3894e11c80ba8058e4da78a1a5b9953c73808b6f407fff301a77b7e0e4e9d3b878e98a2c1e1919390778cf5f3cf6d863228bbf96e4e8c1a79e7aea716970b049b1920f318e8fd74c9791e5df78e3f5c2dadaba5b32c1ddbb9bd1b2a7153d2c6b190c47d1c2cfcdc1896809d2203d33abb2adbd0b8e8eae5214bd23004141a1a5ed04c974c3a6fe02ba4f6350026a7ca3d0d6de8981a161d411d8c6c61654d2c216aebf8b35ab97ef2758282c2c35c89c389670fcefdb407c255ef1c0b3cf3e2b05c867b9f0e5b71f621c12a2cab1d86a65901dd9b0c1a8323939593145b1828af26a5a450f0e1f3d8a4efa6b4b68125a3952f4a9c3ad7bbbe0e2ecf987bb01e0ecec51dac8dddeb061c35cb17b189a4312d114aca15bf532959e4607c36d5c6c02f6b67562eec0411819ad39d1dd33083fdf00c3ed2e948060f4ed6f7ffb75be3fc5f17797cd1ef8ddef7ef723b6a79efbce77bef3e9c2cdccccfdd7ad35316ce5e2edec76dcf2f2f483fced48c63e7afc2499f9b822766a6aeb3f05608f2a097b55c9088d8ab8d5d2d2c654d75748f04eadb1c75d9cdd8a1b1a5ab07eddea1b65dee1044f8b668ee1917d686c6e21e14d42ad8e426b6b3b8e1c390a1313238327e7e0e2e2b56069696d604b8e40fc50da719f01e29f9ee6e7ff50e144fc482e5a2c68cacd7c7d7dfd2d2db71bacadec0c6fbfed72cbd4c40c5bb65830b171c0764a560f0f0f250a9c3c7d4661e7d6bd9d3871f214723273d1119586f6885484c746a1a9652fdc3f06e08e2ee0eb1d30b79b26be7993092a487eade1c928e57b774f1f89ef10c3e814c55124efdfcee71c67666949c5b803abdf3482c9862d7070705ad8f1b68b8152daf0c31ffe0510af1103aee9475f0a847462a521f91b8eb53ffff9cfb78604872b37dc19187a6ba3a9191fdec11d19c5d0f03e2ac02eee7603f272f33f05e0fc854bf4d92e4ef004dac80725de2a7445e9101e47009af7c2d3e3cb00d8830dc66bb0cb2f12c55e2a5a81468930870c8771e09081798506cd2d7bb087439e5d53bb1b9d9d3d18e47c0619653610084f0fbf8b7ebefe868870b581824d2c621dc70b1c3fbdddbfbc333f3cfef8e3e233ffc6f16a9a5e6f888bd71a98cdddf0f4f4454d4d3ddada3af89011c5df65c76766e794c58a498a1a6ce6022b765509e3e3f295abe821406d913a74c5a429003490bd69ae6201ffca21d1e4df18559e79e8a1879e149ff5f3dd3925224700a8f48fc25e750af6f2fa3ed6090d0c8386c347c9fabbd0d8d442cd41b7a0b548094db8475c7090df0d528bec1b1ba7a579233428fca280a0d5240b49d20a14cbbe6b0145296e36d437efcfcf2934e4e717dd100597c99256cb9ebdd8d3ba973e38a14c44765700282e292723d7209f222537af8002c61e3b76b822362e414213f4ac0774c7a5a33b460f350110c262f4b8f109997efefdedb75d8b84f0d6ae5981aac018b48bfbd07a06b8c8c35cfc99b3e7d0c97f2f669255cb88909b57c86717e1f8edf91c131e3a725cf9bd58455151314becb1484848bca8d12419b272f2e6f8ccffc5f1c5d6dacf7ef6b3efb6b4b4645555561f6e6c6c4604ab31511a2dea1b76d3745bd042ff1d2309c92e1ce78344834be893dd9722861939e1a51717119893e4067ba8f9e0f05035f42efee889cb4064422c84e0bcbdfcc50284a4be30f4e9d94784274c36ac455d501c2d474f21a55762bf803ec8c4e7c08143a86212d43f30acdc4f8497ccefe4a9d3cabc8e1c3ba6448886dd4d68696d43312d52b3331ca9ac43b016718c624aaac9772ca03cd8dedd3d1e10a2fa639f2617f551a918e38373df0e405b6f9f62fa15bb6a14d93b347718450d7b90c31dc820d1a5e93310151dcfd67730e6a8d27cbcfd99a1a561e31673c4583b63425784586d0277ad892ee0795700e8bb479a9af6c2d4741d6cd69aa28bc0755149ee1b1b53b4c0d973f38afb890b88606a62c89432ba58c75efebbcc4ddaebe21273e40b673b679cbf701965c1f1688c4c452a8bb331c9c9a21a85ebfef26561b5adb73f3061bc314e8f2686ae5632776b981603b9e5e88a4e4368b00a07494493d333ca240ef7742ad9586e6e218b9d73d4fba9a0092b0248848a4489ad5b2db174f94acca49542afd7118046f8fa04e2e9a79f33986d79ebb48db5c382b797ef828383cbc5356fae33ac59bdfeda1e5a9400f0e2af9ec7684a217605c52829ef51263f67e7e771facc1986c43d18a1046fa66b8a25cc1d3c4c557859e10a51a5c5cc3ff6066bd1935d8addbed18a18db4d51554949dde01931be66e3d6a12f00909cac1baaa7f010e269e3e2dbd5a90a81890f76c8a039ca770d1ded989f3f4fc2db8333dc91bafaddf0f70f2257e492787c90c8d4577afc8719a755e12c69edf08095d1266465eae1e6e6cd5a9f3dfdb38b31dc4cb186f18909865207026689b2d232aa3b636c2200bf78ea1934aa34e849cc54922cf1eff90be71509dc40852969b370934423098b67cece63e1f737a076f155c2ee5e8650d1202ddc44454fdc1655d5817158ba72ed1701a0e98c9f38791a89b6ee1828a95116ddc99d9785772766d114d3486819e84bc8822e301cd7de7d1712b3d7ad318693931b52d2b310e6ec098ddf4e7450a95db9760d7e41a11848c9c7cb8b16234da7c3563373250a080f0851858546229095e3c48414c5bffd7c83a8f39b09c046fcf297cf21c1d50f7dda2c0c7391c748baf3e72fe0d4e9b304bd11a3b4005186127524f446b1f8da1f9d8ef6e88f37ad8d262f9bd91a9e4210989370e1dd6a1db6d839905306c40dfef2555e5ee33b363679ab95a12e531d8f8ed402f4f22612c3fbb4393871ea14bae3d3d14b307a35d9188c4947221f5a58580cb5a39bb2408d8737870f32d907d0d83bc33f2c1c278bebb9ab142a261b691d71282929431349769bad23858b0b9c099a584e71712959bb04addc551b6bfb3fad58be0626eb4d31989c4f7fdf87e31456e7ce5f54765aa4b05881bc77f40fa0c8c14fe10a853409c0f8eebde8e3fcdbb8f836ba421b23515e921e25c171989a9a119ef8220002c7d8d8c4fc61b269615a16c54d01caca1973b9cbc36ddd182dabe7ee67a2475899800cea0ad1aec942ac4720d44e9ec8a46f076fb58197d146749656a03c2a0e29aa4868bc7762d9b2954a1489a51a64c6274285e2a60f254c992594969557609cb19b3a00bb2aaac91d3658b5720dcc369a637fee2e25e7970db878e912aebdf30eeac9f062118e0cbb0dd1a9d857d988ee840c5a6d2a86328b315c548351e61d9298553143954dcaca29407b6db344b26bcdcd2d1d7754422323a393738cf3459a3414f3a2b2b25de8eceae145134a6831d0aff7f39ccff123c730ddd88e26aa359dbe081a5a4218fd79bb254f86186f848e05901296b3f431313036dd0c1f9f00295ac0caca9aa63b46d3ed4275758d52209d9e99669c4e6202d5890256913333336069b18d7a21517199fab8340c4e4e2961ee12cf1b8a0554b6b4a07a6734b25d77a2c43518dde945981b18c569ea8453e40811429353530cd16d4ac82ca2d56953d2d03b3ec6b58c1fecefefffe51d0110d3989d3b88ceb44214e51681c488a6a6662efe8012ff8fb0ec35c3d82fe1e68c52033020d768390b22f5886403342a32867e1da194c0e2f9b981adadcd0c85225a7a7bfb957f7375dda1002ae0aad5d198651f208e95df898949242725b19b14868ef66eba43293b441670a79b3417967f9aff9f60241848ce455db8069d4c918778f2ec2863bfcce7d2e5cb7c3fab648ea217247dd6702eb2963d051538c4e8b56fdfe81709f013340400695e0ce88b51989da7c8ceaeee1e1c625c1da2d891044788484291440089b7dd3dfdecda6c471e272c805ce62e5551a3c7b9b2541e9da45477c55ff524c976cae601165173993bb8b8ec60e323847dc3685a863975441479a08c72bb139595b5282faf5294a5134b63d385d5387be1826201f3b40001a0212a05eda24f581394b02c1ae1faf5dfe31cdfbba916a5c152dfd0840aba5471563eda7505d8cff9fd550058d0281392186d6845714e214ae8cb1d748153343fb9b1a07ce5ea35a51c25a628098aa2c476d5a2253219194e1ea8d4a660928b1c267bdb32bc951473a7d91a93c9e451389de30e4acc7ef7e60d5cbbb6801b376fb2b8711d172e5c54623d2bbc4af384e7095962cb8613a5f5410270f8f42902701517c9f883ba3c34c692e9e94ad248119578f6dc795c7ff78672ef59ea12d9b4aa9a3ad627aa50c1b58c69f394dce5ae042856d0dbdbfbdcf8ececf599da1625958d6157468a909d5ddd4ac8b9c05d78879395c50be202403701e8a129b66b323042229209cc93a80e17d5621bdb5b62452b56acc6ca156b9404a69b16354e497de3c60dbad4519c2099fdf14f1f2a32b6815564f21043ab448dcd282dd9a584d85c96c1dbf3cb70f9f2559c98d88f217d219af93c49bb3f0580737a97009c2790a21a59b0552c4f9b9c424e2251e6554a55fae65f054040880e8fb6b3b2de7e3d94f1599796cee4a3873edcc0c4a308972e5ec6cd9bef291c203bf90900dd04a023518f51eefaa52b973152d7829ef47caabe00c5048d19ce4cb9a015cb57293b7d953b7ff52a77f3d2c58f07ef7b89c089d8915e80fc7623c9338f2ad3cd8d2d7766a3d3d4260bb49ae353fb3142e2ed631ef05900e6cf9fc77bef7fa06c4c56762eb2c9fa0d0dcd74a54a646a745045445faf6f6eae1b1a1a7af98e04f8d92f794aabd1d4740bbcbc7c19bb93948448d24ec3e123342d83c205e2eb2709c4be7156805aa8c953f3309b514c01b480a9fc5d500586f230443a9b22c9788bb57c8bb7ac95d1dbd74f22f444a22649214611441211962e5da658d6968d66caef2c2dac21d51e21c800df401c2badc3c27b3771768e7ecc50574b6ba9653814197e8eca54dc43ac73982ed1ccf9b4777429da427a8be66f5951479cedfcd2857ffe07c1c16137a54d1dcd9be4b1fa5a46200ab92b552495ceec12aaad24d4a835d81d9d8242a700468b39c5b74fb6f6c0cb3b40499323c9f4f6ecf3c9d8ce2cf10a775e84514c741c6279df78d6f8e4dd9322eacad50565e1f25b073ed7c7db8fbc518cc08060b4e972b140b71921680d6109e8d264a2646724760546a12b311dcdb4b862a6e0f99c673a53f36c56ace57a1670a40afd8fbdec1d767c181aa6c65cde2e8ce794629209d2545e052e7342f5312c5b91d58f1c9d638c1f40f0ce505c3c744499741edd46cb9d7673f3849b8b0701705048d4c5c51d2af6fdfe3c229510b9f0ce75ca643fe5b76eb412771e95c9caca530e5a4404872398d74c4d0d63667a14555c6845582cce882b8e8c631fad6f949631414d50999c017d66decd7f6cd59fbbfad4993349ceae64f99dccd3e333315b5c85fee42c7432648d0cf730bcf42963667a98c457c143512a85c5a35917f0678bcb8f662c3b2b1c213bb33330f8f60841d0ce10021684fdd4206565e5ca6fe59a80000a1d8a9808164279809a8479f0d3e78c8cf432e9ea476d6024fa75f9e84bca45657139e255311fbef3ce3b7292f4eb79ede9ec3aa9a1f66e67a6d8cb1a4101f57b6151198b2363dc9d211e86885752de18d6075253d311c84c313a2a46596434fbfdc21d62015233f8ec907e2063b4122124f58e088f548495143684477ce8523a5d1201de87b1d17e2644a22db2d1dab8076daa1424bb06e1c2952bdd5fcfaaef70d782eaea5bc99c989c019242a98f8fbf5226bb74e51a76937db594c369fa4c24538949f3228ba5359d2e4d0993d63cf7e3e2ecce44c8edd3e14a507a58fd95d698d4143333b2909e96816c0a3229cb496355ae95d438bfa040c9443332b3a10a5261eee8d17fdccfff1ee418ca9e088f88410aab3f5124b552e6f3d77fff2edebf758b8bd52bfe5bc09a9d7c5f4ee99b4120c4024283c31471a4e62ecb90dd56f32c90fc4ec44a252b4f6565654ab214ce7fcbe04edffac31f14fe50f1b394e3b4493a11575fad9fff3d20c8355717de2915108ae9af53ac18493893f029cdccb0d070e6132d4a3f4fdc401611499f960e8f440019f2b78c5d15954c8ee6a8e11b988536a2b2a28a523901b95472f3d40f92d8a8e91654a81f5ebffede2b7fef7cbfb6ebce9c3b77358b262bd563fea707a6a1254a79ba9569697777b752323bc0ac323929951d601d3942071d8193f7949454468d0225bfe8a3c6efa2fab4b4b05592a21466726ded1d0aa75cbe76ade06b5bc05775e391d1b10f85bc64f26c7963d91babb8b083b0b4dc86c9c96914119832460a56a051c5b27a154f925454ec523abd738c04fb2887fb59df0b624815292dbe7ef6c2c5d35fd5fceec97d188a8cf39886ca02e43f40fcf4c9ff493e2854384272ff76569ea436283b2d43bed33291120eb8b6b0a0e40e72be900723aedf93097f1d0f29292d3ffd310071d4e7f978faa9e7f0fe071f3094cd628ac9caf4cc8c526091d4759a59a894d7e55cc1d2252b945a445a5aa62841edd731b77b76cf6ab6d492b8981c4ae863ec1e9f645afbe6cab5ccec9835ce9f637de13ce47f96767676a28f657649c70b0b4a952a734141899c26f9cffd0a57c7cc5757d729475bca5963949295546ee45528ad2b8aa4aeae2efce9a30f590f38ae7480c575a416111babbd77c2e6eb8459ab95d25a0b2b421d8ad495901618c083d44c5977b35022c769c3594095b69a9b9b3b01e963fc8ffecfbffb9f80dabca7335e54a19cea92bcbfaaaa9a55a63378efbdf798c3bfafd408eaeaea14329c63ba2be65f5fdf18f8756eca3dbf7777f7c0d5dd1443d20011bd7f903d44298048394bdee5bb3e2a3ce50c5065ddf17b3ec17bf14012dd95533c45226af0fd0fdec71ffff8477cf4d147f880d25924f2719e2e696ada734fe3fdff073332f26c4a9337920000000049454e44ae426082),
(13, 0x4749463839613d00330070000021f904010000fc002c000000003d003300870000000000330000660000990000cc0000ff002b00002b33002b66002b99002bcc002bff0055000055330055660055990055cc0055ff0080000080330080660080990080cc0080ff00aa0000aa3300aa6600aa9900aacc00aaff00d50000d53300d56600d59900d5cc00d5ff00ff0000ff3300ff6600ff9900ffcc00ffff3300003300333300663300993300cc3300ff332b00332b33332b66332b99332bcc332bff3355003355333355663355993355cc3355ff3380003380333380663380993380cc3380ff33aa0033aa3333aa6633aa9933aacc33aaff33d50033d53333d56633d59933d5cc33d5ff33ff0033ff3333ff6633ff9933ffcc33ffff6600006600336600666600996600cc6600ff662b00662b33662b66662b99662bcc662bff6655006655336655666655996655cc6655ff6680006680336680666680996680cc6680ff66aa0066aa3366aa6666aa9966aacc66aaff66d50066d53366d56666d59966d5cc66d5ff66ff0066ff3366ff6666ff9966ffcc66ffff9900009900339900669900999900cc9900ff992b00992b33992b66992b99992bcc992bff9955009955339955669955999955cc9955ff9980009980339980669980999980cc9980ff99aa0099aa3399aa6699aa9999aacc99aaff99d50099d53399d56699d59999d5cc99d5ff99ff0099ff3399ff6699ff9999ffcc99ffffcc0000cc0033cc0066cc0099cc00cccc00ffcc2b00cc2b33cc2b66cc2b99cc2bcccc2bffcc5500cc5533cc5566cc5599cc55cccc55ffcc8000cc8033cc8066cc8099cc80cccc80ffccaa00ccaa33ccaa66ccaa99ccaaccccaaffccd500ccd533ccd566ccd599ccd5ccccd5ffccff00ccff33ccff66ccff99ccffccccffffff0000ff0033ff0066ff0099ff00ccff00ffff2b00ff2b33ff2b66ff2b99ff2bccff2bffff5500ff5533ff5566ff5599ff55ccff55ffff8000ff8033ff8066ff8099ff80ccff80ffffaa00ffaa33ffaa66ffaa99ffaaccffaaffffd500ffd533ffd566ffd599ffd5ccffd5ffffff00ffff33ffff66ffff99ffffccffffff00000000000000000000000008ff0001081c48b0a0c11500d04c1aa8c22043870d1d4a041071a2c11b31320ec471c3a2478131d048dc1243a0988f00629cfca8314045000124aa101333a68a9831f60da3583262cc89250dbe0cb3b0a04b820d113aec3949525088025f2ab53951a9d1826244a2a428f067ca81998a46e50ac02ad9ab51631818a8f4e543b24761160cb372600caf209f1a3c70332555940dbd8634ebf5258c822af4460d70409926888acf3a14b32f935ca8297b22de4bcc325e986e4d0a3c5cf08098c80271d4354bd0eb4f4dfb70b006b076ec46839f25aaf418f1659a7d34079216387ba098ba5d2f5bcdd871eb40030811de0c0de046f1181d63bc0c1d43d22495c59f53ff8f79b8b75dd291cdde20a65968d0be9789839cca3546a62d65d7ae30403d2f8c9f2aa4a1d701ce19445a4561e8434c43fd15a498011ae1361a52b59535d181a74dd420413148272156a8d926e2885bbd740372bb09f5dc43788568615961e4e69c18cadcd55a85add915c66687e175c0301d8536dc6676bd75d67ebbd5162141c7b557517f780536108178c928d00d713d541181f1c9245c6481892109892f1ab4647230cc06e044019474a640c4ecf394795c4af6e6662af0c7e156789d289024cac4b7a58a3591b8e69d487dc5dd71996807958c3ea968a6757c0a44575e64ca071a0e69f065d34fb945549779986516510cffe9261084cb0087d7901141fff8516f9f4952175da416a4d424cae010187a43963527440704356ca22bb2956397998c3949260d62f4d001378c0780185625c6204a4aad105666b6e955dc6c4add50995593ec289f4652496a9018ea829b5f78d2ae90c64aa866e6226d52960a4018416538168e4fbe69959e928d455ec24211184334967559a086b4c9fb95915db9a551b646fe95a9ae8d320cd2c7920600c3495ef9e9e562ab92b42c4237d458a06068bc3732914b3124b018b5cd74d74cd5feb4af476f46899bba27c247902438d8a5d8b6b36a8a709529616991cf24cb85704ad91abbd50171d257a4a5a151a7b483c636c7e149c3359486cc641d68127203ad69919bd5ca5b5148a8b9b3862c0030f0a5e5cd182b7b5a9639cb55186232e0c8509d2a6074dc56c15a99a85a0e26d79daf7ac550a342ca7a9465bfa041843859bfedf4d6922a408e54c0d03cad9b62374cb25c4668e057562675392ad34f94d61e227747d6bc111a8d02488c3eacb166f95b2d422911656225c448b8bc9739d6e40c2d6e5c73c13a7d96180b795c5400943d46e224223de950263b6d57f1c5c9ad00db4a009ed493b404adc0bfc00d3ace0a52f419df31291338f84c4000003b),
(14, 0x4749463839612d00200070000021f904010000ff002c000000002d00200087000000006b005a5aef5a5aa5635a19001900004a00e6efdee6cedea5cedee6ce9cefef9cceef5ace6b5a8c6bdeceaddecead5ace295a8c29de63ce19ceef19ce6b198c6b9ccead9ccead19ce29198c299c29ce5a29cede29ce9c2919ce291984cece5ace4a5a8c4adece8cdece8c5ace085a8c08de42ce19cece19ce4a198c4a9cce8c9cce8c19ce08198c089c08ce5a08cede08ce9c0819ce08198419ef083a634a5aef6b19ef296329195aceef5acead295ace295a844229525a29ce5a29845aef4a6308195acece5ace8c085ace085a844208525a08ce5a08844a5ace4a5a84424a19a5adde10840884adde84ad9c846b5a848c5aa58c9cc5ce9ca5ad9c84ce9c08845a19a508ef6bdeefef5aef6b5aa5efdea5ef5aa56b5aad6bdeefaddeefad5aef295aad29de63ef19a5ad5aa5295aef29de63a519efef19ef6b19ad6b9cefad9cefad19ef2919ad299ca5ef9ca56b19a5ad19ef6b9ca5ef19a52919ef299c29ef5a29efde29ef9c2919ef2919a529a55a29a59c29a5dec5efdec5ef9c84efde84ad5a84ef9c08a55ace6bde84ef5a84295ace29de42a519846b1984ad19ce6b9c84ef19842919ce299c08a59c08a5dea58cde848cde848c9c844a5aef4adeefce5aef4a5aa5ce5aa54a5aad4adeef8cdeef8c5aef085aad08de42ef19a58c5aa5085aef08de638419efce19ef4a19ad4a9cef8c9cef8c19ef0819ad089ca5ce9ca54a19a58c19ef4a9ca5ce19a50819ef089c08ef5a08efde08ef9c0819ef0819a529845a29849c2984de84cedece4ade84ce5a84085ace08de428419844a19848c19ce4a9c84ce19840819ce089c08849c0884debdd6f719c50810633110422910635a10425a10083110085a5aa56b108429634a4a3a291919c5295a848c5aa5ad10a5295ac56b5aa58c52844a5aefef5aa5ef5aefad295aef295aa56329525a29ef5a29a55a846b5a84ad5a84ef5aa54a3a08195ac54a5aefce5aa5ce5aef8c085aef085aa56308525a08ef5a08a55a84ce424a4a6b5ace6b5a84426b19194a0819190810292910295a636b52c5ced6100008106b0800001000000008ff00ff091c48b0a04126f2e43d31c8b0a14387c8224a8cf8b0e2437bfd064edc88cca2c78106001430602f40c42d2791f991f8d16300912503449bb85222ca8e2d1f06b80720400003d83822bb4931e7bf9f05ec192018d280cf6c4c12a49458d3a88102fc46f68c36f05e3f9fd09c24186b7362ce9f599dc61478cf008d2bfda026888a2c01519443fa25bbd2a4621391057c3a0d20b0400144340a64a32276ac549512b5e9b577cfa281ac827d0e14c9b346022751e93ef69380f2bd02f7f63e8c96f5ab817e198ff6eb19c0b0b62763f78dadc22bdac89f00aef2f338d8de95abf602ff6c62e0aa61e7239bfbac8dd570ec8a4e4f8f8c397dbaf2c1dd6b03ff6ea2f9e115ef056082079f39fce5f4e11d9e9f6e403b80e001c8879f1e6d3acfdff131f453772101d69d7ecd29b59f616db1571b41f8fd241d70e0e9579b3ffe00e0cf60cca1269286a739d5c46902f1c30f873ffd07c07f1b4e97e17dd119e0cf73c515e0cf7f86b1f59d8d8601e893611aa6a71d56333618988548dd58d93f375ed8e3600e2ae55473cd25359d82fbd5260515044da3cf3456ee87a460379e98e574160a47903ed2e883a298ebf173cf8cedf964617f01d8c31086f98547de98293a73cf8916ded95d320c0d8aa64cdde1c9a88d73ce69e7a2f9e1b91aa080a6a8648b930aa65c5f0e5d33297928a6c98f33f8e0d3569f76cad8a33215d1612723a78bdae3cf34644861a64f78f6e80f3ffa58148dab86d1892493fe48330e96decdc80f140844e1d1340748830f6005e049de40050824629f32527b80b41f4581c0010ac813e1740655d8d5344609244d14500070c215d40440cd09f1161410003b),
(15, 0x4749463839612d00200070000021f904010000ff002c000000002d00200087000000191008193a19d6638cb5d6efad4a634a1942ce4a636b63196bcedeef5ace6bce5a29cede29ce5aad5a106bce9c6bce1929ce9c29ce19adde946b19ce2919ce6b42194acedece5ace4ace5a08cede08ce5a8c5a104ace9c4ace1908ce9c08ce198cde944a19ce0819cece4a94000808ad63634a425294cede6b194208105a8c6b631963634a19634a635a6b5ace295ace94efe61963424a5ace085ace6b08190863198cadde8c425a4242198c295a6b849cadad9cceefde8c8c5aefefde8c8c9ccece9cad4a9c8cad9cad8c9c6b845aad295aadadde6ba59cad6b9c291029ef08196b08946befdeef5aef6bef5aef6b5aefef5a6ba5de6ba55aad6bdeadef5a29efde29ef5aef29deef295aefadde29a5deadad5aad29de29a55aefad5aef6b94ad5a316bef9c6bef1929ef9c29ef19addeb5ef6b19efef9cad2919adad196ba519ef2919efef19adef19ef299cefad9c29a59cad299c29a519efad196b19ef2919ef6b2994292994426319ce6b5a4aa59c8cad5aceef9c8c6b9c4aa55ace29194a2994ceef5a4aa5de8c6bde8cef5ace29dece295aceadde08a5de8c29de08a55acead5ace6b198c29198cad194aa519ceef198cef19ce299ccead9c08a59c8c299c08a519cead190829948c8cde8c085acecedeefcedead085aad8cde4aefdece5aef4aef5aef4a5aefce5a6b84dead4adeadce5a08efde08ef5aef08deef085aef8cde2984dead8c5aad08de29845aef8c5a8c5a314aef9c4aef1908ef9c08ef198cdeb5ef4a19efce9cad0819ad8c196b8419efce19adce19ef089cef8c9c29849cad089c298419ef8c194a19ef0819ef2908944a849c8c4a9c4a845ace08194a0894cece5a4a84de8c4ade8cce5ace08dece085ace8cde0884de8c08de08845ace8c5ace4a198c08198c8c194a8419cece198cce19ce089cce8c9c08849c8c089c088419ce8c190808946b42526b635a4208194221190810316b5a84193a424a5a846b5aef6b5aa5295aef6b1963295aa5193a634a5aa5085aa5ef4a9c4a5aef085aef295a84085a8429105a6b2919296319b5efe6ce6ba500000008ff00ff091c48b06041024076ecb861b0a1c3870f0910e827b187448818330ee43451a2478b1a43fe335042090e74493a12b0b8d2a3c88c38020428070607108f382b5e7cf9306680140370dcc86991e54a9e02651a2878ae04ba02056ea0c8f9f1e8cb724a029cc35a80600e20e5ca0d397284eac79705cec92c57a09c0e1c024b9cf8b1c20010a947a6e22cbac35c101e304b94304062808102079206e01124c08e5b476e702acbf1e30e1f9ccc05c8a8568989b60584085452228092744522a3585d59a7bc00000028d1281347db2403db96689beec48eb128384de57463c73a25054e3895a9119ded73ff94285977ce76391ce7f6ad43a744407725390cb0ff255120408974255768dc9a35c00974fe0a0c2880a3700125f1cb0d208f63fefdd2011400060919b1350069010890830e49f8770254fba1649b3ff3ad03804c270cd020181091605b010200289801601490847c03f853221827eee79369fda138804335d5071549e605b0020960ec175478e10d20245405a423133a06a44802859b0d04000e2a92600e850618a98401b699906279011809807efea123939182cd548009060010d76e03f4481f3a659a56525838e008a049e59896ce955049571a00259590d46e6d915666586de528d3987ac27661564fa90886097596e6dd9a2b9089e101039453180e3a18108001a206808e984a3c45de09266928648f07bafd0098405f96b34e09391456539242f63ac0675d9a97e489faa978005bb01a661e413cf850440a605048618fd10af9208f08ca24a401fb0849a1b7bdee23684117d6e7ebb7429227e9ade6a5930318d1269ba2af0e99c7d699bee63baf98642a5118b8beeac129462716405eafe8be8a606972f54a8296863d252446449a90c449fd69a9651260e4b88e52429ac0e9b1820d9691896d895a9a8de4c9475a0e3c0031aac8fb012b93602764a4039c639656ce67f275559a393e8c24a41ef2e52857107c6874c21039dc6c1a542d3a2990017af878c0095d06f1c3ac1af1f0431050a783d20188cd5850b7bf1294873939f07482393c1431ae6d0d22555040003b);
INSERT INTO `tbl_imagen` (`Num_Id_Imagen`, `Img_Imagen_Imagen`) VALUES
(16, 0x4749463839612d00200070000021f904010000ff002c000000002d00200087000000080808006bbd10102910105a1910ce005aa510314acece9cefefde632919ceef9cce6bdeceef5ace6b5aceaddece29decead5ace295ace6b9cceef19ce6b19cead9cce299ccead19ce2919a5de9429cede6319ce29ce5a29ce9c29ce19efcede630819ce4adecece5ace4a5ace8cdece08dece8c5ace085ace4a9ccece19ce4a19ce8c9cce089cce8c19ce081984de9408cede4219ce08ce5a08ce9c08ce1984addeadceef8ccee65a4a52085ae663295a635a291910ef5aceef635ace5ace6b5acead5ace298cefe61931ce63085a635a085acece425ace5ace4a5ace8c5ace0884ad9ca5adde848c9c103129846b5a2984de848c5aefce9c3a291929849c0884deefef9ca5ad9cc5efde846bdea58c9ca58c5aef6bdeefef5aef6b5aa5ef5aa56b5aa56bde63a55aefaddeef29deefad5aef295aa5ad5aa5295aa529deef6b9cefef19ef6b19efad9cef299cefad19ef2919a5deb5a5ad19a56b19a56b9ca5ef19a52919a5299c29efde6319ef29ef5a29ef9c29ef1929a5de29a59c63299429a51908a5de84ad5a08a59c84ef5a42a55a84295a8429de84ad19846b19846b9c84ef1984291984299c42299408a519848cdea58cde844a5a3a0819c5cede844adeef4adeefce5aef4a5aa5ce5aa54a5aa54ade63845aef8cdeef08deef8c5aef085aa5085aa508deef4a9cefce19ef4a19ef8c9cef089cef8c19ef081984deb5a58c19a54a19a54a9ca5ce19a50819a5089c08efde4219ef08ef5a08ef9c08ef1963089429841908849c84ce5a42845a84085a8408de848c19844a19844a9c84ce1984081984089c420894088419103a63215aa5106329103a081063085a848c5aa5ce10634a195abd635a843a52292152845284ce636b5a5a84ad425a843a295210846b5aa5ad3a635a1008845aefef635aef5aef6bade6e6635aa55aa5ef5aefad5aef295aa5291931ef19a56b1929a55a84ef425aa51908a55a84293a5a083a085a19844a5aa58c5aefce425aef5aef4a5aef8c5aef085aa50819a54a1929845a8408085284295ae63a4a5210636b005abd00100800001000000008ff00ff091c48b0a0411bfaf43931c8b0a14387372246f416f1a1c587fa9e0da4788363c78a17430a341620c0b127c724525c39b189c88b02280588c6ef989f89372a7ddcf9d2a2b392c704e063267167169c3d050a3036c09a3e82f8021873e68c5993a21e39268d362000159206040c7c32edd8316c366ce028fa9162cf630764e27316949fc000fa2a39c1e7c44693266bd976b4318d89936516ad947c2240c00101ceeef67382e509b5b47eaf72e4b8ec19167d032e1e1830c099e3a00303f47be2ef990d2638d45edde90d743f7f4f9a307918d3a400b31aff99f577ccc08027cb6003beb1b6c9b2018fa34905e08fca45944b991823806f40587c8ef111ff7812e0c971e8c68a37ee1ae078e48be90f90d777202ce49a9007581160afb180b0a6f523136302d8f55015fcac5712154f18e31f3ee0a9c75850fe91d74f00a6d5e590340936365a49253d06997f2416d8d831ece143a17f0d2d55d731242d56a250c658738088ff29389a310902f804410188680c849091f498331d2658923f25e1d3213e4f502220884f1c10d471025db8223fc63c0140490350020074c51d736149941c80cf01ed05804f58063005627901dc15c07f5c8138c05cff19c0e69c413ec11a25a44533da8a908d266068ff5c6800796082b7947f061c03a159c6d8634c97470a658d7d251e20c51604e99303790e9e282989ce84654c3fb789ca582989c774d8983100f443d034394cc3e78c15faf767578d1109ac8739185412a8fe256962823196e4a069cf36966082cc30c420a2b6023b6c49d41edbd843519008eab5260a608d6a32b969edbba3c1f99034cc1a60cfaa241ec0e41354f883e3837a566391896baa66e5bb05561340325b702155b3bfcd09c034173913d59cf5e5386e49d040a18f83b65e18e634087011923e539c5ad298250ec4e8bffc44f5c40209982c1214572480400efda4daa141201b20cd4054309894351d4f43455ad83863c30d49191410003b);

-- --------------------------------------------------------

--
-- Estructura de tabla para la tabla `tbl_invasores`
--

CREATE TABLE IF NOT EXISTS `tbl_invasores` (
  `Num_Id_Invasores` int(11) NOT NULL AUTO_INCREMENT,
  `Num_Id_Tipo` int(11) DEFAULT NULL,
  PRIMARY KEY (`Num_Id_Invasores`),
  KEY `Num_Id_Tipo` (`Num_Id_Tipo`)
) ENGINE=InnoDB  DEFAULT CHARSET=latin1 AUTO_INCREMENT=7 ;

--
-- Volcar la base de datos para la tabla `tbl_invasores`
--

INSERT INTO `tbl_invasores` (`Num_Id_Invasores`, `Num_Id_Tipo`) VALUES
(1, 1),
(2, 2),
(3, 3),
(4, 4),
(5, 5),
(6, 6);

-- --------------------------------------------------------

--
-- Estructura de tabla para la tabla `tbl_mundo`
--

CREATE TABLE IF NOT EXISTS `tbl_mundo` (
  `Num_Id_Mundo` int(11) NOT NULL DEFAULT '0',
  `Num_Id_Imagen` int(11) DEFAULT NULL,
  `Num_Velocidad_Mundo` int(11) NOT NULL,
  `Num_Id_Poderes` int(11) DEFAULT NULL,
  PRIMARY KEY (`Num_Id_Mundo`),
  KEY `Num_Id_Imagen` (`Num_Id_Imagen`),
  KEY `Num_Id_Poderes` (`Num_Id_Poderes`)
) ENGINE=InnoDB DEFAULT CHARSET=latin1;

--
-- Volcar la base de datos para la tabla `tbl_mundo`
--

INSERT INTO `tbl_mundo` (`Num_Id_Mundo`, `Num_Id_Imagen`, `Num_Velocidad_Mundo`, `Num_Id_Poderes`) VALUES
(1, 7, 500, 1),
(2, 7, 430, 2),
(3, 7, 360, 3),
(4, 7, 330, 2),
(5, 7, 300, 3),
(6, 7, 230, 3),
(7, 7, 160, 2),
(8, 7, 90, 2),
(9, 7, 20, 1);

-- --------------------------------------------------------

--
-- Estructura de tabla para la tabla `tbl_personaje`
--

CREATE TABLE IF NOT EXISTS `tbl_personaje` (
  `Num_Id_Personaje` int(11) NOT NULL AUTO_INCREMENT,
  `Num_IdDisparo_Imagen` int(11) DEFAULT NULL,
  `Num_Id_Imagen` int(11) DEFAULT NULL,
  `Num_Vidas_Personaje` int(11) NOT NULL,
  PRIMARY KEY (`Num_Id_Personaje`),
  KEY `Num_IdDisparo_Imagen` (`Num_IdDisparo_Imagen`),
  KEY `Num_Id_Imagen` (`Num_Id_Imagen`)
) ENGINE=InnoDB  DEFAULT CHARSET=latin1 AUTO_INCREMENT=4 ;

--
-- Volcar la base de datos para la tabla `tbl_personaje`
--

INSERT INTO `tbl_personaje` (`Num_Id_Personaje`, `Num_IdDisparo_Imagen`, `Num_Id_Imagen`, `Num_Vidas_Personaje`) VALUES
(1, 9, 10, 3),
(2, 9, 11, 3),
(3, 9, 12, 3);

-- --------------------------------------------------------

--
-- Estructura de tabla para la tabla `tbl_poderes`
--

CREATE TABLE IF NOT EXISTS `tbl_poderes` (
  `Num_Id_Poderes` int(11) NOT NULL AUTO_INCREMENT,
  `Num_Cantidad_Poderes` int(11) NOT NULL,
  PRIMARY KEY (`Num_Id_Poderes`)
) ENGINE=InnoDB  DEFAULT CHARSET=latin1 AUTO_INCREMENT=5 ;

--
-- Volcar la base de datos para la tabla `tbl_poderes`
--

INSERT INTO `tbl_poderes` (`Num_Id_Poderes`, `Num_Cantidad_Poderes`) VALUES
(1, 30),
(2, 30),
(3, 30);

-- --------------------------------------------------------

--
-- Estructura de tabla para la tabla `tbl_ranking`
--

CREATE TABLE IF NOT EXISTS `tbl_ranking` (
  `Str_Jugador_Ranking` varchar(30) NOT NULL,
  `Num_Pocision_Ranking` int(11) NOT NULL AUTO_INCREMENT,
  `Num_Puntaje_Ranking` int(200) NOT NULL,
  PRIMARY KEY (`Num_Pocision_Ranking`)
) ENGINE=InnoDB  DEFAULT CHARSET=latin1 AUTO_INCREMENT=2 ;

--
-- Volcar la base de datos para la tabla `tbl_ranking`
--

INSERT INTO `tbl_ranking` (`Str_Jugador_Ranking`, `Num_Pocision_Ranking`, `Num_Puntaje_Ranking`) VALUES
('fdsa fsad', 1, 4321),
('tille', 2, 2345);

-- --------------------------------------------------------

--
-- Estructura de tabla para la tabla `tbl_tipo`
--

CREATE TABLE IF NOT EXISTS `tbl_tipo` (
  `Num_Id_Tipo` int(11) NOT NULL AUTO_INCREMENT,
  `Num_DisparoImagen_Tipo` int(11) DEFAULT NULL,
  `Num_Id_Imagen` int(11) DEFAULT NULL,
  PRIMARY KEY (`Num_Id_Tipo`),
  KEY `Num_DisparoImagen_Tipo` (`Num_DisparoImagen_Tipo`),
  KEY `Num_Id_Imagen` (`Num_Id_Imagen`)
) ENGINE=InnoDB  DEFAULT CHARSET=latin1 AUTO_INCREMENT=7 ;

--
-- Volcar la base de datos para la tabla `tbl_tipo`
--

INSERT INTO `tbl_tipo` (`Num_Id_Tipo`, `Num_DisparoImagen_Tipo`, `Num_Id_Imagen`) VALUES
(1, 1, 3),
(2, 2, 4),
(3, 5, 6),
(4, 1, 14),
(5, 2, 15),
(6, 5, 16);

--
-- Filtros para las tablas descargadas (dump)
--

--
-- Filtros para la tabla `tbl_invasores`
--
ALTER TABLE `tbl_invasores`
  ADD CONSTRAINT `tbl_invasores_ibfk_1` FOREIGN KEY (`Num_Id_Tipo`) REFERENCES `tbl_tipo` (`Num_Id_Tipo`) ON UPDATE CASCADE;

--
-- Filtros para la tabla `tbl_mundo`
--
ALTER TABLE `tbl_mundo`
  ADD CONSTRAINT `tbl_mundo_ibfk_1` FOREIGN KEY (`Num_Id_Imagen`) REFERENCES `tbl_imagen` (`Num_Id_Imagen`) ON UPDATE CASCADE,
  ADD CONSTRAINT `tbl_mundo_ibfk_2` FOREIGN KEY (`Num_Id_Poderes`) REFERENCES `tbl_poderes` (`Num_Id_Poderes`) ON UPDATE CASCADE;

--
-- Filtros para la tabla `tbl_personaje`
--
ALTER TABLE `tbl_personaje`
  ADD CONSTRAINT `tbl_personaje_ibfk_1` FOREIGN KEY (`Num_IdDisparo_Imagen`) REFERENCES `tbl_imagen` (`Num_Id_Imagen`) ON UPDATE CASCADE,
  ADD CONSTRAINT `tbl_personaje_ibfk_2` FOREIGN KEY (`Num_Id_Imagen`) REFERENCES `tbl_imagen` (`Num_Id_Imagen`) ON UPDATE CASCADE;

--
-- Filtros para la tabla `tbl_tipo`
--
ALTER TABLE `tbl_tipo`
  ADD CONSTRAINT `tbl_tipo_ibfk_1` FOREIGN KEY (`Num_DisparoImagen_Tipo`) REFERENCES `tbl_imagen` (`Num_Id_Imagen`) ON UPDATE CASCADE,
  ADD CONSTRAINT `tbl_tipo_ibfk_2` FOREIGN KEY (`Num_Id_Imagen`) REFERENCES `tbl_imagen` (`Num_Id_Imagen`) ON UPDATE CASCADE;
